#year,month,day,lat,lon,frph,instrument
2023,4,5,52.12,126.48,6.02,AHI Himawari-9
2023,4,5,52.12,126.5,6.23,AHI Himawari-9
2023,4,5,51.32,126.94,7.97,AHI Himawari-9
2023,4,5,51.32,126.96,7.97,AHI Himawari-9
2023,4,5,51.16,126.84,6.38,AHI Himawari-9
2023,4,5,51.16,126.86,6.38,AHI Himawari-9
2023,4,5,51.14,126.88,7.71,AHI Himawari-9
2023,4,5,51.12,126.88,8.96,AHI Himawari-9
2023,4,5,51.12,126.9,8.96,AHI Himawari-9
2023,4,5,51.02,125.1,6.05,AHI Himawari-9
2023,4,5,50.76,126.94,3.27,AHI Himawari-9
2023,4,5,50.72,126.86,2.42,AHI Himawari-9
2023,4,5,50.56,123.76,2.52,AHI Himawari-9
2023,4,5,50.2,126.06,5.58,AHI Himawari-9
2023,4,5,50.18,126.06,5.58,AHI Himawari-9
2023,4,5,50.16,126.04,6.49,AHI Himawari-9
2023,4,5,50,126.88,4.91,AHI Himawari-9
2023,4,5,49.96,126.9,5.87,AHI Himawari-9
2023,4,5,49.94,123.88,3.22,AHI Himawari-9
2023,4,5,49.94,126.58,4.27,AHI Himawari-9
2023,4,5,49.78,120.32,5.22,AHI Himawari-9
2023,4,5,49.6,123.7,6.97,AHI Himawari-9
2023,4,5,49.48,124.66,4.99,AHI Himawari-9
2023,4,5,49.46,124.42,13.4,AHI Himawari-9
2023,4,5,49.46,124.66,4.99,AHI Himawari-9
2023,4,5,49.46,125.12,3.09,AHI Himawari-9
2023,4,5,49.46,125.14,3.09,AHI Himawari-9
2023,4,5,49.44,124.42,13.4,AHI Himawari-9
2023,4,5,49.44,124.44,13.4,AHI Himawari-9
2023,4,5,49.44,125.14,3.09,AHI Himawari-9
2023,4,5,49.38,125.04,8.88,AHI Himawari-9
2023,4,5,49.38,125.06,4.65,AHI Himawari-9
2023,4,5,49.38,125.08,4.65,AHI Himawari-9
2023,4,5,49.32,125.06,9.14,AHI Himawari-9
2023,4,5,49.32,125.1,5.72,AHI Himawari-9
2023,4,5,49.3,125.04,5.81,AHI Himawari-9
2023,4,5,49.3,125.08,9.14,AHI Himawari-9
2023,4,5,49.28,125.08,12.18,AHI Himawari-9
2023,4,5,49.26,125.08,12.18,AHI Himawari-9
2023,4,5,49.2,124.46,34.83,AHI Himawari-9
2023,4,5,49.2,124.76,32.92,AHI Himawari-9
2023,4,5,49.18,124.5,27.64,AHI Himawari-9
2023,4,5,49.18,124.76,32.92,AHI Himawari-9
2023,4,5,49.16,124.06,6.06,AHI Himawari-9
2023,4,5,49.16,124.08,6.06,AHI Himawari-9
2023,4,5,49.16,124.5,14.87,AHI Himawari-9
2023,4,5,49.16,124.76,9.62,AHI Himawari-9
2023,4,5,49.14,124.12,2.85,AHI Himawari-9
2023,4,5,49.14,124.76,9.62,AHI Himawari-9
2023,4,5,49.14,124.8,14.84,AHI Himawari-9
2023,4,5,49.14,124.82,11.28,AHI Himawari-9
2023,4,5,49.12,124.42,4.6,AHI Himawari-9
2023,4,5,49.12,124.44,4.6,AHI Himawari-9
2023,4,5,49.06,122.28,4.68,AHI Himawari-9
2023,4,5,49.06,124.52,4.13,AHI Himawari-9
2023,4,5,49.02,124.02,3.41,AHI Himawari-9
2023,4,5,49.02,124.04,3.41,AHI Himawari-9
2023,4,5,49,124.04,3.41,AHI Himawari-9
2023,4,5,48.98,124.02,17.13,AHI Himawari-9
2023,4,5,48.96,124.02,17.13,AHI Himawari-9
2023,4,5,48.96,124.04,17.13,AHI Himawari-9
2023,4,5,48.94,124.08,8.67,AHI Himawari-9
2023,4,5,48.94,124.44,17.18,AHI Himawari-9
2023,4,5,48.92,123.98,3.88,AHI Himawari-9
2023,4,5,48.92,124.4,21.84,AHI Himawari-9
2023,4,5,48.92,124.42,21.84,AHI Himawari-9
2023,4,5,48.92,124.44,17.18,AHI Himawari-9
2023,4,5,48.92,126.1,10.56,AHI Himawari-9
2023,4,5,48.92,126.12,10.56,AHI Himawari-9
2023,4,5,48.92,130,3,AHI Himawari-9
2023,4,5,48.92,130.02,3,AHI Himawari-9
2023,4,5,48.9,123.98,3.88,AHI Himawari-9
2023,4,5,48.9,124,3.88,AHI Himawari-9
2023,4,5,48.9,124.42,20.77,AHI Himawari-9
2023,4,5,48.9,124.64,2.09,AHI Himawari-9
2023,4,5,48.9,124.7,7.4,AHI Himawari-9
2023,4,5,48.88,123.46,20.15,AHI Himawari-9
2023,4,5,48.88,124.02,29.34,AHI Himawari-9
2023,4,5,48.88,124.04,29.34,AHI Himawari-9
2023,4,5,48.88,124.26,59.92,AHI Himawari-9
2023,4,5,48.86,124.02,29.34,AHI Himawari-9
2023,4,5,48.86,124.04,29.34,AHI Himawari-9
2023,4,5,48.84,124.34,21.39,AHI Himawari-9
2023,4,5,48.84,124.36,21.39,AHI Himawari-9
2023,4,5,48.82,124.36,21.39,AHI Himawari-9
2023,4,5,48.8,124.18,9.16,AHI Himawari-9
2023,4,5,48.8,124.2,5.74,AHI Himawari-9
2023,4,5,48.8,124.22,5.74,AHI Himawari-9
2023,4,5,48.8,125.66,62.98,AHI Himawari-9
2023,4,5,48.8,130.08,9.98,AHI Himawari-9
2023,4,5,48.8,130.1,9.98,AHI Himawari-9
2023,4,5,48.78,124.06,11.87,AHI Himawari-9
2023,4,5,48.78,124.08,11.87,AHI Himawari-9
2023,4,5,48.78,124.16,3.47,AHI Himawari-9
2023,4,5,48.78,124.2,6.57,AHI Himawari-9
2023,4,5,48.78,124.22,5.76,AHI Himawari-9
2023,4,5,48.76,123.64,4.25,AHI Himawari-9
2023,4,5,48.76,124.06,11.87,AHI Himawari-9
2023,4,5,48.76,124.08,11.87,AHI Himawari-9
2023,4,5,48.76,124.16,3.47,AHI Himawari-9
2023,4,5,48.76,124.2,6.57,AHI Himawari-9
2023,4,5,48.76,129,9.06,AHI Himawari-9
2023,4,5,48.76,129.02,9.06,AHI Himawari-9
2023,4,5,48.74,123.64,4.25,AHI Himawari-9
2023,4,5,48.74,123.66,4.25,AHI Himawari-9
2023,4,5,48.74,124.08,6.74,AHI Himawari-9
2023,4,5,48.74,129.02,9.06,AHI Himawari-9
2023,4,5,48.72,124.08,6.74,AHI Himawari-9
2023,4,5,48.72,125.58,3.17,AHI Himawari-9
2023,4,5,48.7,124.08,2.84,AHI Himawari-9
2023,4,5,48.7,124.1,2.84,AHI Himawari-9
2023,4,5,48.7,124.18,7.39,AHI Himawari-9
2023,4,5,48.7,124.2,7.39,AHI Himawari-9
2023,4,5,48.7,128.98,4.77,AHI Himawari-9
2023,4,5,48.68,124.2,7.39,AHI Himawari-9
2023,4,5,48.68,125.64,6.25,AHI Himawari-9
2023,4,5,48.68,128.94,11.12,AHI Himawari-9
2023,4,5,48.64,125.66,36.54,AHI Himawari-9
2023,4,5,48.62,125.24,34.31,AHI Himawari-9
2023,4,5,48.62,125.26,34.31,AHI Himawari-9
2023,4,5,48.62,125.28,11.22,AHI Himawari-9
2023,4,5,48.62,125.54,3.94,AHI Himawari-9
2023,4,5,48.62,125.66,36.54,AHI Himawari-9
2023,4,5,48.6,125.16,81.64,AHI Himawari-9
2023,4,5,48.6,125.26,34.31,AHI Himawari-9
2023,4,5,48.58,125.16,81.64,AHI Himawari-9
2023,4,5,48.58,125.2,29.26,AHI Himawari-9
2023,4,5,48.58,125.22,24.04,AHI Himawari-9
2023,4,5,48.58,125.24,24.04,AHI Himawari-9
2023,4,5,48.58,125.28,13.64,AHI Himawari-9
2023,4,5,48.58,125.3,13.64,AHI Himawari-9
2023,4,5,48.56,125.08,11.87,AHI Himawari-9
2023,4,5,48.56,125.1,11.87,AHI Himawari-9
2023,4,5,48.56,125.14,34.54,AHI Himawari-9
2023,4,5,48.56,125.18,72.52,AHI Himawari-9
2023,4,5,48.56,125.2,10.79,AHI Himawari-9
2023,4,5,48.56,125.22,10.79,AHI Himawari-9
2023,4,5,48.56,125.24,45.03,AHI Himawari-9
2023,4,5,48.54,125.08,11.87,AHI Himawari-9
2023,4,5,48.54,125.1,11.87,AHI Himawari-9
2023,4,5,48.54,125.16,34.54,AHI Himawari-9
2023,4,5,48.54,125.18,72.52,AHI Himawari-9
2023,4,5,48.54,125.2,72.52,AHI Himawari-9
2023,4,5,48.54,125.22,10.79,AHI Himawari-9
2023,4,5,48.54,125.24,45.03,AHI Himawari-9
2023,4,5,48.54,125.26,45.03,AHI Himawari-9
2023,4,5,48.52,125.1,17.78,AHI Himawari-9
2023,4,5,48.52,125.12,11.78,AHI Himawari-9
2023,4,5,48.52,125.14,11.78,AHI Himawari-9
2023,4,5,48.52,125.36,6.89,AHI Himawari-9
2023,4,5,48.52,125.38,6.89,AHI Himawari-9
2023,4,5,48.5,123.44,6.86,AHI Himawari-9
2023,4,5,48.5,123.46,15.84,AHI Himawari-9
2023,4,5,48.5,125.1,16.56,AHI Himawari-9
2023,4,5,48.5,125.12,16.56,AHI Himawari-9
2023,4,5,48.5,125.14,11.55,AHI Himawari-9
2023,4,5,48.48,123.44,6.88,AHI Himawari-9
2023,4,5,48.48,123.46,6.84,AHI Himawari-9
2023,4,5,48.48,123.48,15.89,AHI Himawari-9
2023,4,5,48.48,123.74,3.62,AHI Himawari-9
2023,4,5,48.48,123.76,3.62,AHI Himawari-9
2023,4,5,48.48,125.12,16.61,AHI Himawari-9
2023,4,5,48.44,123.94,11.09,AHI Himawari-9
2023,4,5,48.44,123.96,11.09,AHI Himawari-9
2023,4,5,48.44,124.02,29.12,AHI Himawari-9
2023,4,5,48.44,124.04,36.19,AHI Himawari-9
2023,4,5,48.44,124.2,26.42,AHI Himawari-9
2023,4,5,48.44,125.4,16.65,AHI Himawari-9
2023,4,5,48.44,125.42,82.18,AHI Himawari-9
2023,4,5,48.44,125.44,82.18,AHI Himawari-9
2023,4,5,48.42,123.96,11.09,AHI Himawari-9
2023,4,5,48.42,124.02,29.12,AHI Himawari-9
2023,4,5,48.42,124.04,36.19,AHI Himawari-9
2023,4,5,48.42,125.34,35.7,AHI Himawari-9
2023,4,5,48.42,125.38,28.52,AHI Himawari-9
2023,4,5,48.42,125.4,169.57,AHI Himawari-9
2023,4,5,48.42,125.42,169.57,AHI Himawari-9
2023,4,5,48.42,125.44,82.18,AHI Himawari-9
2023,4,5,48.4,123.98,21.12,AHI Himawari-9
2023,4,5,48.4,124,12.14,AHI Himawari-9
2023,4,5,48.4,124.2,15.63,AHI Himawari-9
2023,4,5,48.4,124.22,15.63,AHI Himawari-9
2023,4,5,48.4,125.34,35.7,AHI Himawari-9
2023,4,5,48.4,125.38,28.52,AHI Himawari-9
2023,4,5,48.4,125.4,169.57,AHI Himawari-9
2023,4,5,48.4,125.42,169.57,AHI Himawari-9
2023,4,5,48.4,125.44,192.5,AHI Himawari-9
2023,4,5,48.4,125.46,17.04,AHI Himawari-9
2023,4,5,48.4,125.48,17.04,AHI Himawari-9
2023,4,5,48.4,125.68,15.99,AHI Himawari-9
2023,4,5,48.4,125.76,12.04,AHI Himawari-9
2023,4,5,48.38,124.2,15.63,AHI Himawari-9
2023,4,5,48.38,124.22,15.63,AHI Himawari-9
2023,4,5,48.38,125.36,25.63,AHI Himawari-9
2023,4,5,48.38,125.38,18.36,AHI Himawari-9
2023,4,5,48.38,125.4,18.36,AHI Himawari-9
2023,4,5,48.38,125.42,31.91,AHI Himawari-9
2023,4,5,48.38,125.7,15.99,AHI Himawari-9
2023,4,5,48.36,125.36,25.63,AHI Himawari-9
2023,4,5,48.36,125.38,25.63,AHI Himawari-9
2023,4,5,48.36,125.4,18.36,AHI Himawari-9
2023,4,5,48.36,125.42,31.91,AHI Himawari-9
2023,4,5,48.36,125.44,31.91,AHI Himawari-9
2023,4,5,48.36,125.66,55.57,AHI Himawari-9
2023,4,5,48.36,125.7,47.31,AHI Himawari-9
2023,4,5,48.36,125.72,131.3,AHI Himawari-9
2023,4,5,48.36,125.74,131.3,AHI Himawari-9
2023,4,5,48.36,125.76,32.74,AHI Himawari-9
2023,4,5,48.36,125.78,36.72,AHI Himawari-9
2023,4,5,48.36,125.84,25.53,AHI Himawari-9
2023,4,5,48.36,125.86,25.53,AHI Himawari-9
2023,4,5,48.34,125.62,32.77,AHI Himawari-9
2023,4,5,48.34,125.64,97.38,AHI Himawari-9
2023,4,5,48.34,125.66,97.38,AHI Himawari-9
2023,4,5,48.34,125.68,120.91,AHI Himawari-9
2023,4,5,48.34,125.7,46.69,AHI Himawari-9
2023,4,5,48.34,125.72,46.69,AHI Himawari-9
2023,4,5,48.34,125.74,131.3,AHI Himawari-9
2023,4,5,48.34,125.76,32.74,AHI Himawari-9
2023,4,5,48.34,125.82,28.85,AHI Himawari-9
2023,4,5,48.34,125.84,25.53,AHI Himawari-9
2023,4,5,48.32,125.54,13.86,AHI Himawari-9
2023,4,5,48.32,125.62,32.87,AHI Himawari-9
2023,4,5,48.32,125.64,97.65,AHI Himawari-9
2023,4,5,48.32,125.66,97.65,AHI Himawari-9
2023,4,5,48.32,125.68,121.28,AHI Himawari-9
2023,4,5,48.32,125.7,46.83,AHI Himawari-9
2023,4,5,48.32,125.72,46.03,AHI Himawari-9
2023,4,5,48.32,125.76,73.75,AHI Himawari-9
2023,4,5,48.32,125.78,73.75,AHI Himawari-9
2023,4,5,48.32,125.8,40.46,AHI Himawari-9
2023,4,5,48.32,125.82,51.74,AHI Himawari-9
2023,4,5,48.32,125.84,51.74,AHI Himawari-9
2023,4,5,48.32,125.88,36.04,AHI Himawari-9
2023,4,5,48.3,125.62,73.1,AHI Himawari-9
2023,4,5,48.3,125.64,73.1,AHI Himawari-9
2023,4,5,48.3,125.66,315.05,AHI Himawari-9
2023,4,5,48.3,125.68,170.91,AHI Himawari-9
2023,4,5,48.3,125.7,170.91,AHI Himawari-9
2023,4,5,48.3,125.72,51.51,AHI Himawari-9
2023,4,5,48.28,125.64,73.1,AHI Himawari-9
2023,4,5,48.28,125.66,315.05,AHI Himawari-9
2023,4,5,48.28,125.68,315.02,AHI Himawari-9
2023,4,5,48.28,125.7,170.91,AHI Himawari-9
2023,4,5,48.28,125.72,51.51,AHI Himawari-9
2023,4,5,48.28,125.74,51.51,AHI Himawari-9
2023,4,5,48.26,123.48,9.57,AHI Himawari-9
2023,4,5,48.26,124.34,19.57,AHI Himawari-9
2023,4,5,48.26,124.36,19.57,AHI Himawari-9
2023,4,5,48.26,124.58,29.3,AHI Himawari-9
2023,4,5,48.26,124.6,29.3,AHI Himawari-9
2023,4,5,48.26,125.64,160.88,AHI Himawari-9
2023,4,5,48.26,125.66,257.2,AHI Himawari-9
2023,4,5,48.26,125.68,257.2,AHI Himawari-9
2023,4,5,48.26,125.7,180.61,AHI Himawari-9
2023,4,5,48.26,125.72,53.72,AHI Himawari-9
2023,4,5,48.26,125.74,53.72,AHI Himawari-9
2023,4,5,48.26,125.98,17.29,AHI Himawari-9
2023,4,5,48.26,126,11.62,AHI Himawari-9
2023,4,5,48.24,124.36,19.57,AHI Himawari-9
2023,4,5,48.24,125.62,25.64,AHI Himawari-9
2023,4,5,48.24,125.64,22.01,AHI Himawari-9
2023,4,5,48.24,125.66,22.01,AHI Himawari-9
2023,4,5,48.22,123.6,6.17,AHI Himawari-9
2023,4,5,48.22,124.38,5.48,AHI Himawari-9
2023,4,5,48.22,124.4,5.48,AHI Himawari-9
2023,4,5,48.22,125.62,25.64,AHI Himawari-9
2023,4,5,48.22,125.64,25.64,AHI Himawari-9
2023,4,5,48.22,125.66,22.01,AHI Himawari-9
2023,4,5,48.22,125.68,18.05,AHI Himawari-9
2023,4,5,48.22,125.94,12.47,AHI Himawari-9
2023,4,5,48.22,125.96,12.47,AHI Himawari-9
2023,4,5,48.22,125.98,13.66,AHI Himawari-9
2023,4,5,48.2,123.52,8.65,AHI Himawari-9
2023,4,5,48.2,123.62,6.17,AHI Himawari-9
2023,4,5,48.2,124.36,17.99,AHI Himawari-9
2023,4,5,48.2,124.38,17.99,AHI Himawari-9
2023,4,5,48.2,125.54,10.33,AHI Himawari-9
2023,4,5,48.2,125.64,35.57,AHI Himawari-9
2023,4,5,48.2,125.96,12.47,AHI Himawari-9
2023,4,5,48.2,126,13.63,AHI Himawari-9
2023,4,5,48.2,126.38,17.85,AHI Himawari-9
2023,4,5,48.2,126.4,54.12,AHI Himawari-9
2023,4,5,48.18,123.62,3.77,AHI Himawari-9
2023,4,5,48.18,123.78,29.19,AHI Himawari-9
2023,4,5,48.18,124.4,15.19,AHI Himawari-9
2023,4,5,48.18,125.4,36.01,AHI Himawari-9
2023,4,5,48.18,125.42,15.06,AHI Himawari-9
2023,4,5,48.18,125.44,15.06,AHI Himawari-9
2023,4,5,48.18,125.52,40.71,AHI Himawari-9
2023,4,5,48.18,125.54,10.36,AHI Himawari-9
2023,4,5,48.18,125.56,10.36,AHI Himawari-9
2023,4,5,48.18,125.64,35.68,AHI Himawari-9
2023,4,5,48.18,126.4,54.28,AHI Himawari-9
2023,4,5,48.18,126.42,54.28,AHI Himawari-9
2023,4,5,48.16,123.66,4.73,AHI Himawari-9
2023,4,5,48.16,124.38,41.81,AHI Himawari-9
2023,4,5,48.16,124.4,41.81,AHI Himawari-9
2023,4,5,48.16,124.42,51.6,AHI Himawari-9
2023,4,5,48.16,125.4,35.32,AHI Himawari-9
2023,4,5,48.16,125.42,35.32,AHI Himawari-9
2023,4,5,48.16,125.44,15.06,AHI Himawari-9
2023,4,5,48.16,125.52,40.71,AHI Himawari-9
2023,4,5,48.16,125.54,40.71,AHI Himawari-9
2023,4,5,48.16,125.56,119.36,AHI Himawari-9
2023,4,5,48.16,125.58,108.27,AHI Himawari-9
2023,4,5,48.16,125.6,108.27,AHI Himawari-9
2023,4,5,48.16,125.62,58.62,AHI Himawari-9
2023,4,5,48.16,125.64,39.69,AHI Himawari-9
2023,4,5,48.16,125.66,39.69,AHI Himawari-9
2023,4,5,48.16,125.76,18.87,AHI Himawari-9
2023,4,5,48.16,125.78,18.87,AHI Himawari-9
2023,4,5,48.16,125.82,17.74,AHI Himawari-9
2023,4,5,48.16,126.32,49.39,AHI Himawari-9
2023,4,5,48.16,126.42,22.94,AHI Himawari-9
2023,4,5,48.16,130.08,5.26,AHI Himawari-9
2023,4,5,48.14,123.66,4.73,AHI Himawari-9
2023,4,5,48.14,123.68,4.73,AHI Himawari-9
2023,4,5,48.14,124.38,41.81,AHI Himawari-9
2023,4,5,48.14,124.4,41.81,AHI Himawari-9
2023,4,5,48.14,124.42,51.6,AHI Himawari-9
2023,4,5,48.14,125.38,162.36,AHI Himawari-9
2023,4,5,48.14,125.4,119.95,AHI Himawari-9
2023,4,5,48.14,125.42,119.95,AHI Himawari-9
2023,4,5,48.14,125.44,80.43,AHI Himawari-9
2023,4,5,48.14,125.46,46.54,AHI Himawari-9
2023,4,5,48.14,125.48,46.54,AHI Himawari-9
2023,4,5,48.14,125.52,161.23,AHI Himawari-9
2023,4,5,48.14,125.54,161.23,AHI Himawari-9
2023,4,5,48.14,125.56,125.91,AHI Himawari-9
2023,4,5,48.14,125.58,113.04,AHI Himawari-9
2023,4,5,48.14,125.6,113.04,AHI Himawari-9
2023,4,5,48.14,125.62,78.18,AHI Himawari-9
2023,4,5,48.14,125.76,18.87,AHI Himawari-9
2023,4,5,48.14,125.82,17.74,AHI Himawari-9
2023,4,5,48.14,125.84,17.74,AHI Himawari-9
2023,4,5,48.14,126.04,109.59,AHI Himawari-9
2023,4,5,48.14,126.28,8.64,AHI Himawari-9
2023,4,5,48.12,125.38,162.32,AHI Himawari-9
2023,4,5,48.12,125.4,162.32,AHI Himawari-9
2023,4,5,48.12,125.42,119.95,AHI Himawari-9
2023,4,5,48.12,125.44,80.4,AHI Himawari-9
2023,4,5,48.12,125.48,46.54,AHI Himawari-9
2023,4,5,48.12,125.52,55.64,AHI Himawari-9
2023,4,5,48.12,125.54,161.23,AHI Himawari-9
2023,4,5,48.12,125.56,125.91,AHI Himawari-9
2023,4,5,48.12,125.58,125.91,AHI Himawari-9
2023,4,5,48.12,125.6,113.04,AHI Himawari-9
2023,4,5,48.12,125.62,78.18,AHI Himawari-9
2023,4,5,48.12,125.64,78.18,AHI Himawari-9
2023,4,5,48.12,125.74,30.52,AHI Himawari-9
2023,4,5,48.12,125.76,30.52,AHI Himawari-9
2023,4,5,48.12,125.84,27.08,AHI Himawari-9
2023,4,5,48.12,126.02,22.41,AHI Himawari-9
2023,4,5,48.12,126.04,59.94,AHI Himawari-9
2023,4,5,48.12,126.06,59.94,AHI Himawari-9
2023,4,5,48.1,124.48,57.53,AHI Himawari-9
2023,4,5,48.1,125.4,67.82,AHI Himawari-9
2023,4,5,48.1,125.42,58.06,AHI Himawari-9
2023,4,5,48.1,125.44,58.06,AHI Himawari-9
2023,4,5,48.1,125.46,67.59,AHI Himawari-9
2023,4,5,48.1,125.48,35.12,AHI Himawari-9
2023,4,5,48.1,125.5,35.12,AHI Himawari-9
2023,4,5,48.1,125.54,88.71,AHI Himawari-9
2023,4,5,48.1,125.56,88.71,AHI Himawari-9
2023,4,5,48.1,125.58,85.7,AHI Himawari-9
2023,4,5,48.1,125.6,76.63,AHI Himawari-9
2023,4,5,48.1,125.62,76.63,AHI Himawari-9
2023,4,5,48.1,125.64,76.63,AHI Himawari-9
2023,4,5,48.1,125.74,76.76,AHI Himawari-9
2023,4,5,48.1,125.76,78.05,AHI Himawari-9
2023,4,5,48.1,126.02,22.41,AHI Himawari-9
2023,4,5,48.1,126.04,59.94,AHI Himawari-9
2023,4,5,48.1,126.06,59.94,AHI Himawari-9
2023,4,5,48.1,126.28,9.23,AHI Himawari-9
2023,4,5,48.1,126.3,9.23,AHI Himawari-9
2023,4,5,48.08,124.44,29.82,AHI Himawari-9
2023,4,5,48.08,124.46,29.82,AHI Himawari-9
2023,4,5,48.08,125.54,88.71,AHI Himawari-9
2023,4,5,48.08,125.56,88.71,AHI Himawari-9
2023,4,5,48.08,125.58,85.7,AHI Himawari-9
2023,4,5,48.08,125.6,76.63,AHI Himawari-9
2023,4,5,48.08,125.64,76.63,AHI Himawari-9
2023,4,5,48.08,125.72,76.76,AHI Himawari-9
2023,4,5,48.08,125.74,76.76,AHI Himawari-9
2023,4,5,48.08,125.76,78.05,AHI Himawari-9
2023,4,5,48.08,125.92,13.8,AHI Himawari-9
2023,4,5,48.06,124.44,29.82,AHI Himawari-9
2023,4,5,48.06,124.46,29.82,AHI Himawari-9
2023,4,5,48.06,125.62,3.61,AHI Himawari-9
2023,4,5,48.06,125.64,18.07,AHI Himawari-9
2023,4,5,48.06,125.74,81.76,AHI Himawari-9
2023,4,5,48.06,125.86,5.63,AHI Himawari-9
2023,4,5,48.06,125.92,9.2,AHI Himawari-9
2023,4,5,48.04,125.32,4.7,AHI Himawari-9
2023,4,5,48.04,125.34,4.7,AHI Himawari-9
2023,4,5,48.04,125.74,81.76,AHI Himawari-9
2023,4,5,48.04,125.76,81.76,AHI Himawari-9
2023,4,5,48.04,125.78,70.17,AHI Himawari-9
2023,4,5,48.02,124.28,13.61,AHI Himawari-9
2023,4,5,48.02,124.3,13.61,AHI Himawari-9
2023,4,5,48.02,124.94,40.14,AHI Himawari-9
2023,4,5,48.02,124.96,40.14,AHI Himawari-9
2023,4,5,48.02,125,9,AHI Himawari-9
2023,4,5,48.02,125.02,9,AHI Himawari-9
2023,4,5,48,124.26,14.14,AHI Himawari-9
2023,4,5,48,124.28,13.61,AHI Himawari-9
2023,4,5,48,124.3,13.61,AHI Himawari-9
2023,4,5,48,125.42,6.91,AHI Himawari-9
2023,4,5,48,125.44,6.91,AHI Himawari-9
2023,4,5,47.98,124.26,14.14,AHI Himawari-9
2023,4,5,47.98,124.28,14.14,AHI Himawari-9
2023,4,5,47.98,125.4,10.42,AHI Himawari-9
2023,4,5,47.98,125.42,10.42,AHI Himawari-9
2023,4,5,47.98,126.08,13.35,AHI Himawari-9
2023,4,5,47.98,126.1,13.35,AHI Himawari-9
2023,4,5,47.98,126.12,11.59,AHI Himawari-9
2023,4,5,47.98,126.14,9.26,AHI Himawari-9
2023,4,5,47.98,126.16,9.26,AHI Himawari-9
2023,4,5,47.96,123.62,50.66,AHI Himawari-9
2023,4,5,47.96,123.64,33.23,AHI Himawari-9
2023,4,5,47.96,123.66,33.23,AHI Himawari-9
2023,4,5,47.96,124.22,19.46,AHI Himawari-9
2023,4,5,47.96,125.4,10.42,AHI Himawari-9
2023,4,5,47.96,125.42,10.42,AHI Himawari-9
2023,4,5,47.96,126.1,13.35,AHI Himawari-9
2023,4,5,47.96,126.12,11.59,AHI Himawari-9
2023,4,5,47.96,126.14,11.59,AHI Himawari-9
2023,4,5,47.96,126.16,9.26,AHI Himawari-9
2023,4,5,47.94,123.62,112.55,AHI Himawari-9
2023,4,5,47.94,123.64,112.55,AHI Himawari-9
2023,4,5,47.94,123.66,33.23,AHI Himawari-9
2023,4,5,47.94,123.74,83.5,AHI Himawari-9
2023,4,5,47.94,123.76,83.5,AHI Himawari-9
2023,4,5,47.94,124.22,19.46,AHI Himawari-9
2023,4,5,47.94,124.68,6.87,AHI Himawari-9
2023,4,5,47.94,124.7,6.74,AHI Himawari-9
2023,4,5,47.94,124.72,6.74,AHI Himawari-9
2023,4,5,47.94,126.1,12.72,AHI Himawari-9
2023,4,5,47.94,126.12,9.46,AHI Himawari-9
2023,4,5,47.94,126.14,9.46,AHI Himawari-9
2023,4,5,47.94,126.16,6.87,AHI Himawari-9
2023,4,5,47.92,123.62,66.67,AHI Himawari-9
2023,4,5,47.92,123.64,66.67,AHI Himawari-9
2023,4,5,47.92,123.66,46.25,AHI Himawari-9
2023,4,5,47.92,123.68,33.83,AHI Himawari-9
2023,4,5,47.92,123.7,33.83,AHI Himawari-9
2023,4,5,47.92,123.74,70.88,AHI Himawari-9
2023,4,5,47.92,123.76,70.88,AHI Himawari-9
2023,4,5,47.92,124.56,45.72,AHI Himawari-9
2023,4,5,47.92,124.68,6.87,AHI Himawari-9
2023,4,5,47.92,124.72,6.74,AHI Himawari-9
2023,4,5,47.92,125.42,3.22,AHI Himawari-9
2023,4,5,47.92,125.44,3.22,AHI Himawari-9
2023,4,5,47.92,126.18,6.87,AHI Himawari-9
2023,4,5,47.9,123.64,66.67,AHI Himawari-9
2023,4,5,47.9,123.66,46.21,AHI Himawari-9
2023,4,5,47.9,123.68,46.21,AHI Himawari-9
2023,4,5,47.9,123.7,33.83,AHI Himawari-9
2023,4,5,47.9,123.76,70.88,AHI Himawari-9
2023,4,5,47.9,123.8,10.82,AHI Himawari-9
2023,4,5,47.9,124.56,45.72,AHI Himawari-9
2023,4,5,47.9,124.58,45.72,AHI Himawari-9
2023,4,5,47.9,125.64,17.03,AHI Himawari-9
2023,4,5,47.88,123.4,17.53,AHI Himawari-9
2023,4,5,47.88,123.42,17.53,AHI Himawari-9
2023,4,5,47.88,123.66,108.53,AHI Himawari-9
2023,4,5,47.88,123.68,87.61,AHI Himawari-9
2023,4,5,47.88,123.7,19.52,AHI Himawari-9
2023,4,5,47.88,123.88,73.9,AHI Himawari-9
2023,4,5,47.88,124.58,25.46,AHI Himawari-9
2023,4,5,47.88,125.64,17.03,AHI Himawari-9
2023,4,5,47.88,125.66,17.03,AHI Himawari-9
2023,4,5,47.86,123.4,46.72,AHI Himawari-9
2023,4,5,47.86,123.42,46.72,AHI Himawari-9
2023,4,5,47.86,123.44,40.09,AHI Himawari-9
2023,4,5,47.86,123.48,62.47,AHI Himawari-9
2023,4,5,47.86,123.66,47.15,AHI Himawari-9
2023,4,5,47.86,123.7,103.06,AHI Himawari-9
2023,4,5,47.86,123.72,19.58,AHI Himawari-9
2023,4,5,47.86,123.94,118.02,AHI Himawari-9
2023,4,5,47.86,124.58,25.54,AHI Himawari-9
2023,4,5,47.86,125.66,27.34,AHI Himawari-9
2023,4,5,47.86,125.68,18.35,AHI Himawari-9
2023,4,5,47.86,126.28,6.03,AHI Himawari-9
2023,4,5,47.84,123.42,46.72,AHI Himawari-9
2023,4,5,47.84,123.44,40.03,AHI Himawari-9
2023,4,5,47.84,123.46,40.03,AHI Himawari-9
2023,4,5,47.84,123.48,62.47,AHI Himawari-9
2023,4,5,47.84,123.66,47.15,AHI Himawari-9
2023,4,5,47.84,123.94,28.44,AHI Himawari-9
2023,4,5,47.84,125.68,18.35,AHI Himawari-9
2023,4,5,47.84,125.7,18.35,AHI Himawari-9
2023,4,5,47.82,123.94,28.44,AHI Himawari-9
2023,4,5,47.82,125.66,15.82,AHI Himawari-9
2023,4,5,47.82,125.68,15.82,AHI Himawari-9
2023,4,5,47.78,125.36,21.65,AHI Himawari-9
2023,4,5,47.78,125.38,12.82,AHI Himawari-9
2023,4,5,47.78,125.4,12.82,AHI Himawari-9
2023,4,5,47.76,124.46,2.4,AHI Himawari-9
2023,4,5,47.76,124.48,2.83,AHI Himawari-9
2023,4,5,47.76,125.36,21.61,AHI Himawari-9
2023,4,5,47.76,125.38,12.82,AHI Himawari-9
2023,4,5,47.76,125.4,12.82,AHI Himawari-9
2023,4,5,47.74,123.4,58.08,AHI Himawari-9
2023,4,5,47.74,124.04,28.64,AHI Himawari-9
2023,4,5,47.74,124.18,9.36,AHI Himawari-9
2023,4,5,47.74,126.02,10.32,AHI Himawari-9
2023,4,5,47.74,126.04,28.54,AHI Himawari-9
2023,4,5,47.74,126.06,28.54,AHI Himawari-9
2023,4,5,47.74,126.08,17.28,AHI Himawari-9
2023,4,5,47.72,123.4,58.08,AHI Himawari-9
2023,4,5,47.72,123.42,58.08,AHI Himawari-9
2023,4,5,47.72,123.44,54.75,AHI Himawari-9
2023,4,5,47.72,123.46,4.16,AHI Himawari-9
2023,4,5,47.72,123.48,4.16,AHI Himawari-9
2023,4,5,47.72,125.78,2.83,AHI Himawari-9
2023,4,5,47.72,125.8,2.83,AHI Himawari-9
2023,4,5,47.72,126.06,21.38,AHI Himawari-9
2023,4,5,47.72,126.08,10.29,AHI Himawari-9
2023,4,5,47.72,126.1,10.29,AHI Himawari-9
2023,4,5,47.7,123.42,41.22,AHI Himawari-9
2023,4,5,47.7,123.44,54.94,AHI Himawari-9
2023,4,5,47.7,123.46,54.94,AHI Himawari-9
2023,4,5,47.7,124,40.25,AHI Himawari-9
2023,4,5,47.7,124.04,27.69,AHI Himawari-9
2023,4,5,47.7,125.46,4.64,AHI Himawari-9
2023,4,5,47.7,125.48,4.64,AHI Himawari-9
2023,4,5,47.7,125.64,9.95,AHI Himawari-9
2023,4,5,47.7,125.66,9.95,AHI Himawari-9
2023,4,5,47.7,125.68,4.71,AHI Himawari-9
2023,4,5,47.7,126.08,10.32,AHI Himawari-9
2023,4,5,47.7,126.1,10.32,AHI Himawari-9
2023,4,5,47.7,126.36,4.78,AHI Himawari-9
2023,4,5,47.68,123.44,54.94,AHI Himawari-9
2023,4,5,47.68,123.46,54.94,AHI Himawari-9
2023,4,5,47.68,125.38,3.54,AHI Himawari-9
2023,4,5,47.68,125.4,3.54,AHI Himawari-9
2023,4,5,47.68,125.66,9.95,AHI Himawari-9
2023,4,5,47.68,125.7,4.71,AHI Himawari-9
2023,4,5,47.68,126.1,6.81,AHI Himawari-9
2023,4,5,47.68,126.36,4.78,AHI Himawari-9
2023,4,5,47.66,124.3,83.67,AHI Himawari-9
2023,4,5,47.66,124.74,37.41,AHI Himawari-9
2023,4,5,47.66,125.4,3.54,AHI Himawari-9
2023,4,5,47.66,125.62,7.15,AHI Himawari-9
2023,4,5,47.66,125.64,7.15,AHI Himawari-9
2023,4,5,47.66,125.66,10.32,AHI Himawari-9
2023,4,5,47.66,125.68,12.66,AHI Himawari-9
2023,4,5,47.66,125.7,12.66,AHI Himawari-9
2023,4,5,47.66,126.1,6.81,AHI Himawari-9
2023,4,5,47.66,126.12,6.81,AHI Himawari-9
2023,4,5,47.66,126.34,14.83,AHI Himawari-9
2023,4,5,47.66,126.54,4.48,AHI Himawari-9
2023,4,5,47.66,126.56,4.48,AHI Himawari-9
2023,4,5,47.64,124.74,9.85,AHI Himawari-9
2023,4,5,47.64,124.76,9.85,AHI Himawari-9
2023,4,5,47.64,125.7,12.66,AHI Himawari-9
2023,4,5,47.64,126.22,12.46,AHI Himawari-9
2023,4,5,47.64,126.24,12.46,AHI Himawari-9
2023,4,5,47.64,126.26,14.73,AHI Himawari-9
2023,4,5,47.64,126.34,42.15,AHI Himawari-9
2023,4,5,47.64,126.36,42.15,AHI Himawari-9
2023,4,5,47.64,126.38,3.77,AHI Himawari-9
2023,4,5,47.64,126.54,4.48,AHI Himawari-9
2023,4,5,47.64,126.56,4.48,AHI Himawari-9
2023,4,5,47.62,124.46,5.74,AHI Himawari-9
2023,4,5,47.62,124.5,4.24,AHI Himawari-9
2023,4,5,47.62,124.76,9.85,AHI Himawari-9
2023,4,5,47.62,125.94,5.14,AHI Himawari-9
2023,4,5,47.62,126.24,12.46,AHI Himawari-9
2023,4,5,47.62,126.26,14.73,AHI Himawari-9
2023,4,5,47.62,126.28,14.73,AHI Himawari-9
2023,4,5,47.62,126.32,135.07,AHI Himawari-9
2023,4,5,47.62,126.34,42.15,AHI Himawari-9
2023,4,5,47.62,131.8,8.02,AHI Himawari-9
2023,4,5,47.62,131.84,7.28,AHI Himawari-9
2023,4,5,47.62,131.86,4.64,AHI Himawari-9
2023,4,5,47.6,124.48,5.74,AHI Himawari-9
2023,4,5,47.6,124.5,4.24,AHI Himawari-9
2023,4,5,47.6,125.94,5.14,AHI Himawari-9
2023,4,5,47.6,125.96,5.14,AHI Himawari-9
2023,4,5,47.6,126.12,6.55,AHI Himawari-9
2023,4,5,47.6,126.26,11.36,AHI Himawari-9
2023,4,5,47.6,126.28,11.36,AHI Himawari-9
2023,4,5,47.58,122.92,2.51,AHI Himawari-9
2023,4,5,47.56,126.08,6.48,AHI Himawari-9
2023,4,5,47.56,126.46,11.46,AHI Himawari-9
2023,4,5,47.56,126.64,3.57,AHI Himawari-9
2023,4,5,47.54,123.7,5.93,AHI Himawari-9
2023,4,5,47.52,123.1,65.19,AHI Himawari-9
2023,4,5,47.52,126.12,11.26,AHI Himawari-9
2023,4,5,47.52,127.06,21,AHI Himawari-9
2023,4,5,47.5,123.1,25.46,AHI Himawari-9
2023,4,5,47.5,124.82,22.98,AHI Himawari-9
2023,4,5,47.5,124.84,22.98,AHI Himawari-9
2023,4,5,47.5,124.86,21.47,AHI Himawari-9
2023,4,5,47.5,125.76,11.76,AHI Himawari-9
2023,4,5,47.5,125.8,60.6,AHI Himawari-9
2023,4,5,47.5,125.82,10.02,AHI Himawari-9
2023,4,5,47.5,125.84,10.02,AHI Himawari-9
2023,4,5,47.5,126.12,11.26,AHI Himawari-9
2023,4,5,47.5,126.14,11.26,AHI Himawari-9
2023,4,5,47.48,124.5,10.79,AHI Himawari-9
2023,4,5,47.48,124.52,10.79,AHI Himawari-9
2023,4,5,47.48,124.84,22.98,AHI Himawari-9
2023,4,5,47.48,124.86,21.47,AHI Himawari-9
2023,4,5,47.48,124.88,21.47,AHI Himawari-9
2023,4,5,47.48,125.78,11.76,AHI Himawari-9
2023,4,5,47.48,125.8,60.6,AHI Himawari-9
2023,4,5,47.48,125.82,60.6,AHI Himawari-9
2023,4,5,47.48,126.1,18.39,AHI Himawari-9
2023,4,5,47.48,126.12,22.08,AHI Himawari-9
2023,4,5,47.48,126.14,22.08,AHI Himawari-9
2023,4,5,47.48,127.06,36.01,AHI Himawari-9
2023,4,5,47.48,127.08,36.01,AHI Himawari-9
2023,4,5,47.46,124.52,10.79,AHI Himawari-9
2023,4,5,47.46,124.84,40.07,AHI Himawari-9
2023,4,5,47.46,124.92,21.51,AHI Himawari-9
2023,4,5,47.46,124.94,49.71,AHI Himawari-9
2023,4,5,47.46,124.96,62.28,AHI Himawari-9
2023,4,5,47.46,125.66,26.23,AHI Himawari-9
2023,4,5,47.46,125.68,26.23,AHI Himawari-9
2023,4,5,47.46,125.7,8.84,AHI Himawari-9
2023,4,5,47.46,125.82,15.11,AHI Himawari-9
2023,4,5,47.46,126.1,18.39,AHI Himawari-9
2023,4,5,47.46,126.12,18.39,AHI Himawari-9
2023,4,5,47.46,126.14,22.08,AHI Himawari-9
2023,4,5,47.46,126.74,9.75,AHI Himawari-9
2023,4,5,47.46,126.76,9.75,AHI Himawari-9
2023,4,5,47.46,127.08,36.01,AHI Himawari-9
2023,4,5,47.46,127.1,18.69,AHI Himawari-9
2023,4,5,47.46,131.72,6.23,AHI Himawari-9
2023,4,5,47.46,131.86,12.93,AHI Himawari-9
2023,4,5,47.44,123.86,3.95,AHI Himawari-9
2023,4,5,47.44,124.02,16.01,AHI Himawari-9
2023,4,5,47.44,124.96,62.28,AHI Himawari-9
2023,4,5,47.44,124.98,62.28,AHI Himawari-9
2023,4,5,47.44,125.82,15.11,AHI Himawari-9
2023,4,5,47.44,126.12,25.39,AHI Himawari-9
2023,4,5,47.44,126.22,5.16,AHI Himawari-9
2023,4,5,47.44,126.24,5.16,AHI Himawari-9
2023,4,5,47.44,126.26,7.2,AHI Himawari-9
2023,4,5,47.44,126.76,9.75,AHI Himawari-9
2023,4,5,47.44,127.08,4.36,AHI Himawari-9
2023,4,5,47.44,131.72,18.86,AHI Himawari-9
2023,4,5,47.44,131.74,22.88,AHI Himawari-9
2023,4,5,47.44,131.76,22.88,AHI Himawari-9
2023,4,5,47.44,131.86,12.93,AHI Himawari-9
2023,4,5,47.44,133.38,5.03,AHI Himawari-9
2023,4,5,47.42,122.82,71.96,AHI Himawari-9
2023,4,5,47.42,122.84,71.96,AHI Himawari-9
2023,4,5,47.42,122.86,21.44,AHI Himawari-9
2023,4,5,47.42,125.8,3.38,AHI Himawari-9
2023,4,5,47.42,126.18,18.89,AHI Himawari-9
2023,4,5,47.42,126.26,6.43,AHI Himawari-9
2023,4,5,47.42,127.54,9.45,AHI Himawari-9
2023,4,5,47.42,127.56,9.45,AHI Himawari-9
2023,4,5,47.42,131.72,18.86,AHI Himawari-9
2023,4,5,47.42,131.74,22.88,AHI Himawari-9
2023,4,5,47.42,131.76,22.88,AHI Himawari-9
2023,4,5,47.4,121.36,6.55,AHI Himawari-9
2023,4,5,47.4,122.84,10.58,AHI Himawari-9
2023,4,5,47.4,122.86,17.77,AHI Himawari-9
2023,4,5,47.4,122.88,17.77,AHI Himawari-9
2023,4,5,47.4,126.3,2.08,AHI Himawari-9
2023,4,5,47.4,127.52,5.24,AHI Himawari-9
2023,4,5,47.4,127.54,5.24,AHI Himawari-9
2023,4,5,47.4,127.56,6.62,AHI Himawari-9
2023,4,5,47.38,121.36,6.55,AHI Himawari-9
2023,4,5,47.38,122.84,10.58,AHI Himawari-9
2023,4,5,47.38,124.64,57.93,AHI Himawari-9
2023,4,5,47.38,125.98,4.94,AHI Himawari-9
2023,4,5,47.38,126,4.94,AHI Himawari-9
2023,4,5,47.38,126.08,9.34,AHI Himawari-9
2023,4,5,47.38,126.14,14.48,AHI Himawari-9
2023,4,5,47.38,126.16,4.1,AHI Himawari-9
2023,4,5,47.38,126.36,9.98,AHI Himawari-9
2023,4,5,47.38,126.38,9.98,AHI Himawari-9
2023,4,5,47.38,126.94,26.48,AHI Himawari-9
2023,4,5,47.38,126.96,26.48,AHI Himawari-9
2023,4,5,47.38,127,7.12,AHI Himawari-9
2023,4,5,47.38,127.1,5.71,AHI Himawari-9
2023,4,5,47.36,124.64,57.93,AHI Himawari-9
2023,4,5,47.36,125.94,7.36,AHI Himawari-9
2023,4,5,47.36,126.1,5.21,AHI Himawari-9
2023,4,5,47.36,126.12,5.21,AHI Himawari-9
2023,4,5,47.36,126.14,14.48,AHI Himawari-9
2023,4,5,47.36,126.16,4.1,AHI Himawari-9
2023,4,5,47.36,126.18,4.1,AHI Himawari-9
2023,4,5,47.36,126.38,9.98,AHI Himawari-9
2023,4,5,47.36,126.96,26.48,AHI Himawari-9
2023,4,5,47.36,127.02,7.12,AHI Himawari-9
2023,4,5,47.36,127.1,5.71,AHI Himawari-9
2023,4,5,47.36,131.58,17.14,AHI Himawari-9
2023,4,5,47.36,131.6,17.14,AHI Himawari-9
2023,4,5,47.34,124.64,63,AHI Himawari-9
2023,4,5,47.34,124.66,63,AHI Himawari-9
2023,4,5,47.34,126.34,14.18,AHI Himawari-9
2023,4,5,47.34,126.36,14.18,AHI Himawari-9
2023,4,5,47.34,126.38,15.09,AHI Himawari-9
2023,4,5,47.34,131.5,11.29,AHI Himawari-9
2023,4,5,47.34,131.52,11.29,AHI Himawari-9
2023,4,5,47.32,122.78,8,AHI Himawari-9
2023,4,5,47.32,124.68,21.34,AHI Himawari-9
2023,4,5,47.32,126.36,14.18,AHI Himawari-9
2023,4,5,47.32,131.52,11.29,AHI Himawari-9
2023,4,5,47.3,123.6,10.21,AHI Himawari-9
2023,4,5,47.3,123.62,7.63,AHI Himawari-9
2023,4,5,47.3,123.64,7.63,AHI Himawari-9
2023,4,5,47.3,124.66,31.85,AHI Himawari-9
2023,4,5,47.3,124.68,21.34,AHI Himawari-9
2023,4,5,47.3,124.7,21.34,AHI Himawari-9
2023,4,5,47.28,122.5,4.74,AHI Himawari-9
2023,4,5,47.28,123.6,10.21,AHI Himawari-9
2023,4,5,47.28,123.62,7.63,AHI Himawari-9
2023,4,5,47.28,123.64,7.63,AHI Himawari-9
2023,4,5,47.28,123.66,6.85,AHI Himawari-9
2023,4,5,47.28,124.04,17.94,AHI Himawari-9
2023,4,5,47.28,124.64,18.28,AHI Himawari-9
2023,4,5,47.28,126.92,21.4,AHI Himawari-9
2023,4,5,47.26,122.5,4.74,AHI Himawari-9
2023,4,5,47.26,123.6,9,AHI Himawari-9
2023,4,5,47.26,123.62,9,AHI Himawari-9
2023,4,5,47.26,124.06,17.94,AHI Himawari-9
2023,4,5,47.26,124.6,14.62,AHI Himawari-9
2023,4,5,47.26,124.64,18.28,AHI Himawari-9
2023,4,5,47.26,124.66,18.28,AHI Himawari-9
2023,4,5,47.26,126.96,10.95,AHI Himawari-9
2023,4,5,47.24,123.62,9.03,AHI Himawari-9
2023,4,5,47.24,126.18,12.4,AHI Himawari-9
2023,4,5,47.24,126.2,3.1,AHI Himawari-9
2023,4,5,47.24,126.96,10.65,AHI Himawari-9
2023,4,5,47.24,126.98,10.65,AHI Himawari-9
2023,4,5,47.22,123.98,29.89,AHI Himawari-9
2023,4,5,47.22,124.04,8.36,AHI Himawari-9
2023,4,5,47.2,124.04,29.59,AHI Himawari-9
2023,4,5,47.18,124.02,53.82,AHI Himawari-9
2023,4,5,47.18,124.04,53.82,AHI Himawari-9
2023,4,5,47.14,123.36,2.93,AHI Himawari-9
2023,4,5,47.14,126.46,5.7,AHI Himawari-9
2023,4,5,47.14,126.48,5.7,AHI Himawari-9
2023,4,5,47.14,127.16,5.02,AHI Himawari-9
2023,4,5,47.14,127.18,5.02,AHI Himawari-9
2023,4,5,47.12,123,8.49,AHI Himawari-9
2023,4,5,47.12,123.02,8.49,AHI Himawari-9
2023,4,5,47.12,123.2,7.55,AHI Himawari-9
2023,4,5,47.12,123.34,7.95,AHI Himawari-9
2023,4,5,47.12,123.36,2.93,AHI Himawari-9
2023,4,5,47.12,126.48,5.7,AHI Himawari-9
2023,4,5,47.12,127.18,16.14,AHI Himawari-9
2023,4,5,47.12,127.2,7.18,AHI Himawari-9
2023,4,5,47.1,127.18,16.14,AHI Himawari-9
2023,4,5,47.1,127.2,7.18,AHI Himawari-9
2023,4,5,47.06,123.64,18.66,AHI Himawari-9
2023,4,5,47.06,125.12,18.25,AHI Himawari-9
2023,4,5,47.06,125.14,18.25,AHI Himawari-9
2023,4,5,47.06,127.18,2.64,AHI Himawari-9
2023,4,5,47.04,123.64,18.66,AHI Himawari-9
2023,4,5,47.04,125.14,18.25,AHI Himawari-9
2023,4,5,47.04,125.56,86.33,AHI Himawari-9
2023,4,5,47.04,126.18,4.33,AHI Himawari-9
2023,4,5,47,124.94,15.14,AHI Himawari-9
2023,4,5,47,125.6,38.67,AHI Himawari-9
2023,4,5,47,125.62,38.67,AHI Himawari-9
2023,4,5,46.98,124.88,30.15,AHI Himawari-9
2023,4,5,46.98,124.9,30.15,AHI Himawari-9
2023,4,5,46.98,124.92,16.9,AHI Himawari-9
2023,4,5,46.98,127.04,4.02,AHI Himawari-9
2023,4,5,46.96,124.86,3.52,AHI Himawari-9
2023,4,5,46.96,124.88,3.52,AHI Himawari-9
2023,4,5,46.96,124.92,16.9,AHI Himawari-9
2023,4,5,46.96,124.94,16.9,AHI Himawari-9
2023,4,5,46.94,123.46,11.12,AHI Himawari-9
2023,4,5,46.94,124.36,11.29,AHI Himawari-9
2023,4,5,46.94,125.86,2.67,AHI Himawari-9
2023,4,5,46.92,123.48,11.15,AHI Himawari-9
2023,4,5,46.92,124.34,11.32,AHI Himawari-9
2023,4,5,46.92,124.38,12.78,AHI Himawari-9
2023,4,5,46.92,124.94,11.09,AHI Himawari-9
2023,4,5,46.92,125.86,2.68,AHI Himawari-9
2023,4,5,46.92,125.88,2.68,AHI Himawari-9
2023,4,5,46.92,126.5,13.12,AHI Himawari-9
2023,4,5,46.92,126.88,10.88,AHI Himawari-9
2023,4,5,46.92,126.9,10.88,AHI Himawari-9
2023,4,5,46.92,130.04,6.24,AHI Himawari-9
2023,4,5,46.9,124.38,6.68,AHI Himawari-9
2023,4,5,46.9,124.4,6.68,AHI Himawari-9
2023,4,5,46.9,124.76,7.32,AHI Himawari-9
2023,4,5,46.9,125.62,6.95,AHI Himawari-9
2023,4,5,46.9,125.64,10.17,AHI Himawari-9
2023,4,5,46.9,125.66,10.17,AHI Himawari-9
2023,4,5,46.9,125.84,7.25,AHI Himawari-9
2023,4,5,46.9,125.86,7.25,AHI Himawari-9
2023,4,5,46.9,125.88,7.19,AHI Himawari-9
2023,4,5,46.9,126.52,13.09,AHI Himawari-9
2023,4,5,46.9,126.88,3.83,AHI Himawari-9
2023,4,5,46.88,123.52,31.73,AHI Himawari-9
2023,4,5,46.88,124.36,5.56,AHI Himawari-9
2023,4,5,46.88,124.4,6.68,AHI Himawari-9
2023,4,5,46.88,124.96,15.49,AHI Himawari-9
2023,4,5,46.88,124.98,5.09,AHI Himawari-9
2023,4,5,46.88,126.52,3.36,AHI Himawari-9
2023,4,5,46.88,126.9,3.83,AHI Himawari-9
2023,4,5,46.88,130.04,7.46,AHI Himawari-9
2023,4,5,46.86,123,8.58,AHI Himawari-9
2023,4,5,46.86,123.52,31.73,AHI Himawari-9
2023,4,5,46.86,125,5.09,AHI Himawari-9
2023,4,5,46.86,126.52,3.36,AHI Himawari-9
2023,4,5,46.86,126.54,3.36,AHI Himawari-9
2023,4,5,46.86,126.76,5.56,AHI Himawari-9
2023,4,5,46.84,125.8,41.19,AHI Himawari-9
2023,4,5,46.84,126.68,22.14,AHI Himawari-9
2023,4,5,46.84,126.7,15.39,AHI Himawari-9
2023,4,5,46.82,123.02,11.49,AHI Himawari-9
2023,4,5,46.82,124.18,4.92,AHI Himawari-9
2023,4,5,46.82,124.2,4.54,AHI Himawari-9
2023,4,5,46.82,124.84,107.5,AHI Himawari-9
2023,4,5,46.82,124.86,141.74,AHI Himawari-9
2023,4,5,46.82,124.88,65.22,AHI Himawari-9
2023,4,5,46.82,125.84,34.04,AHI Himawari-9
2023,4,5,46.82,126.68,22.14,AHI Himawari-9
2023,4,5,46.82,126.72,15.39,AHI Himawari-9
2023,4,5,46.82,127.28,3.63,AHI Himawari-9
2023,4,5,46.82,127.3,3.63,AHI Himawari-9
2023,4,5,46.82,127.32,6.85,AHI Himawari-9
2023,4,5,46.82,127.42,2.41,AHI Himawari-9
2023,4,5,46.82,127.44,2.41,AHI Himawari-9
2023,4,5,46.8,124.62,7.09,AHI Himawari-9
2023,4,5,46.8,124.84,107.5,AHI Himawari-9
2023,4,5,46.8,124.86,141.74,AHI Himawari-9
2023,4,5,46.8,124.88,65.22,AHI Himawari-9
2023,4,5,46.8,126.7,14,AHI Himawari-9
2023,4,5,46.8,127.3,3.63,AHI Himawari-9
2023,4,5,46.8,127.32,6.85,AHI Himawari-9
2023,4,5,46.8,127.44,2.41,AHI Himawari-9
2023,4,5,46.78,124.84,89.29,AHI Himawari-9
2023,4,5,46.76,124.86,89.35,AHI Himawari-9
2023,4,5,46.76,124.88,120.29,AHI Himawari-9
2023,4,5,46.76,124.9,15.06,AHI Himawari-9
2023,4,5,46.76,124.92,15.06,AHI Himawari-9
2023,4,5,46.76,125.54,3.98,AHI Himawari-9
2023,4,5,46.76,125.56,3.98,AHI Himawari-9
2023,4,5,46.76,126.84,15.2,AHI Himawari-9
2023,4,5,46.76,126.86,15.2,AHI Himawari-9
2023,4,5,46.76,127.1,25.5,AHI Himawari-9
2023,4,5,46.76,127.12,24.24,AHI Himawari-9
2023,4,5,46.74,125.54,3.98,AHI Himawari-9
2023,4,5,46.74,125.56,3.98,AHI Himawari-9
2023,4,5,46.74,126.54,18.29,AHI Himawari-9
2023,4,5,46.74,126.84,12.95,AHI Himawari-9
2023,4,5,46.74,126.86,12.95,AHI Himawari-9
2023,4,5,46.74,126.88,16.01,AHI Himawari-9
2023,4,5,46.74,126.96,113.22,AHI Himawari-9
2023,4,5,46.74,126.98,113.22,AHI Himawari-9
2023,4,5,46.74,127.1,25.5,AHI Himawari-9
2023,4,5,46.74,127.12,25.5,AHI Himawari-9
2023,4,5,46.74,127.14,24.24,AHI Himawari-9
2023,4,5,46.72,126.86,12.95,AHI Himawari-9
2023,4,5,46.72,126.9,16.01,AHI Himawari-9
2023,4,5,46.72,126.96,112.88,AHI Himawari-9
2023,4,5,46.72,126.98,112.88,AHI Himawari-9
2023,4,5,46.72,127,50.29,AHI Himawari-9
2023,4,5,46.72,127.08,48.59,AHI Himawari-9
2023,4,5,46.72,127.1,48.59,AHI Himawari-9
2023,4,5,46.72,127.12,73.17,AHI Himawari-9
2023,4,5,46.72,127.14,24.07,AHI Himawari-9
2023,4,5,46.7,126.84,71.09,AHI Himawari-9
2023,4,5,46.7,126.86,16.15,AHI Himawari-9
2023,4,5,46.7,126.88,4.56,AHI Himawari-9
2023,4,5,46.7,126.9,4.56,AHI Himawari-9
2023,4,5,46.7,126.92,8.87,AHI Himawari-9
2023,4,5,46.7,126.94,4.73,AHI Himawari-9
2023,4,5,46.7,126.96,4.73,AHI Himawari-9
2023,4,5,46.7,126.98,91.83,AHI Himawari-9
2023,4,5,46.7,127,75.24,AHI Himawari-9
2023,4,5,46.7,127.02,75.24,AHI Himawari-9
2023,4,5,46.7,127.06,4.08,AHI Himawari-9
2023,4,5,46.7,127.08,13.19,AHI Himawari-9
2023,4,5,46.7,127.1,13.19,AHI Himawari-9
2023,4,5,46.7,127.12,34.92,AHI Himawari-9
2023,4,5,46.68,125.82,18.39,AHI Himawari-9
2023,4,5,46.68,125.84,18.39,AHI Himawari-9
2023,4,5,46.68,126.6,6.22,AHI Himawari-9
2023,4,5,46.68,126.84,64.5,AHI Himawari-9
2023,4,5,46.68,126.86,44.13,AHI Himawari-9
2023,4,5,46.68,126.88,16.15,AHI Himawari-9
2023,4,5,46.68,126.92,8.87,AHI Himawari-9
2023,4,5,46.68,126.94,8.87,AHI Himawari-9
2023,4,5,46.68,126.96,4.73,AHI Himawari-9
2023,4,5,46.68,126.98,91.83,AHI Himawari-9
2023,4,5,46.68,127,75.24,AHI Himawari-9
2023,4,5,46.68,127.02,75.24,AHI Himawari-9
2023,4,5,46.68,127.04,10.98,AHI Himawari-9
2023,4,5,46.68,127.06,4.08,AHI Himawari-9
2023,4,5,46.68,127.08,4.08,AHI Himawari-9
2023,4,5,46.68,127.1,13.19,AHI Himawari-9
2023,4,5,46.68,127.12,34.92,AHI Himawari-9
2023,4,5,46.68,127.14,34.92,AHI Himawari-9
2023,4,5,46.68,132,7.96,AHI Himawari-9
2023,4,5,46.68,132.06,9.79,AHI Himawari-9
2023,4,5,46.66,123.06,6.19,AHI Himawari-9
2023,4,5,46.66,123.08,6.19,AHI Himawari-9
2023,4,5,46.66,125.84,18.39,AHI Himawari-9
2023,4,5,46.66,126.86,64.5,AHI Himawari-9
2023,4,5,46.66,126.88,44.13,AHI Himawari-9
2023,4,5,46.66,126.9,15.3,AHI Himawari-9
2023,4,5,46.66,126.92,24,AHI Himawari-9
2023,4,5,46.66,126.94,24,AHI Himawari-9
2023,4,5,46.66,127.04,40.73,AHI Himawari-9
2023,4,5,46.66,127.06,40.73,AHI Himawari-9
2023,4,5,46.66,127.18,5.75,AHI Himawari-9
2023,4,5,46.66,127.2,5.75,AHI Himawari-9
2023,4,5,46.66,127.22,6.39,AHI Himawari-9
2023,4,5,46.66,127.24,5,AHI Himawari-9
2023,4,5,46.66,127.26,5,AHI Himawari-9
2023,4,5,46.66,132,7.96,AHI Himawari-9
2023,4,5,46.66,132.06,9.79,AHI Himawari-9
2023,4,5,46.64,126.22,3.74,AHI Himawari-9
2023,4,5,46.64,126.84,19.86,AHI Himawari-9
2023,4,5,46.64,126.86,19.86,AHI Himawari-9
2023,4,5,46.64,126.88,11.87,AHI Himawari-9
2023,4,5,46.64,126.9,4.28,AHI Himawari-9
2023,4,5,46.64,126.92,4.28,AHI Himawari-9
2023,4,5,46.64,126.94,4.66,AHI Himawari-9
2023,4,5,46.64,127.2,5.75,AHI Himawari-9
2023,4,5,46.64,127.22,6.39,AHI Himawari-9
2023,4,5,46.64,127.24,5,AHI Himawari-9
2023,4,5,46.64,127.26,5,AHI Himawari-9
2023,4,5,46.64,131.98,5.03,AHI Himawari-9
2023,4,5,46.62,126.22,3.74,AHI Himawari-9
2023,4,5,46.62,126.24,3.74,AHI Himawari-9
2023,4,5,46.62,126.86,19.86,AHI Himawari-9
2023,4,5,46.62,126.88,11.87,AHI Himawari-9
2023,4,5,46.62,126.9,11.87,AHI Himawari-9
2023,4,5,46.62,126.94,4.66,AHI Himawari-9
2023,4,5,46.62,127.2,5.64,AHI Himawari-9
2023,4,5,46.62,127.22,9.76,AHI Himawari-9
2023,4,5,46.62,127.24,9.76,AHI Himawari-9
2023,4,5,46.62,127.26,5.37,AHI Himawari-9
2023,4,5,46.62,127.34,15.5,AHI Himawari-9
2023,4,5,46.62,127.38,10.81,AHI Himawari-9
2023,4,5,46.62,127.42,6.15,AHI Himawari-9
2023,4,5,46.62,127.44,6.15,AHI Himawari-9
2023,4,5,46.6,126.2,16.54,AHI Himawari-9
2023,4,5,46.6,126.22,7.43,AHI Himawari-9
2023,4,5,46.6,126.84,2.52,AHI Himawari-9
2023,4,5,46.6,127.34,15.55,AHI Himawari-9
2023,4,5,46.6,127.36,15.55,AHI Himawari-9
2023,4,5,46.6,127.38,10.84,AHI Himawari-9
2023,4,5,46.6,127.44,6.17,AHI Himawari-9
2023,4,5,46.58,126.2,16.54,AHI Himawari-9
2023,4,5,46.58,126.22,16.54,AHI Himawari-9
2023,4,5,46.58,126.84,5.52,AHI Himawari-9
2023,4,5,46.58,127.36,12.24,AHI Himawari-9
2023,4,5,46.58,127.38,45.01,AHI Himawari-9
2023,4,5,46.58,127.4,8.66,AHI Himawari-9
2023,4,5,46.58,127.42,8.66,AHI Himawari-9
2023,4,5,46.58,127.46,5.18,AHI Himawari-9
2023,4,5,46.58,131.8,9.28,AHI Himawari-9
2023,4,5,46.58,131.9,18.28,AHI Himawari-9
2023,4,5,46.58,131.92,18.28,AHI Himawari-9
2023,4,5,46.58,132.24,15.96,AHI Himawari-9
2023,4,5,46.56,123.18,24.35,AHI Himawari-9
2023,4,5,46.56,123.2,24.35,AHI Himawari-9
2023,4,5,46.56,126.28,2.18,AHI Himawari-9
2023,4,5,46.56,126.84,5.52,AHI Himawari-9
2023,4,5,46.56,126.86,5.52,AHI Himawari-9
2023,4,5,46.56,127.12,16.06,AHI Himawari-9
2023,4,5,46.56,127.14,16.06,AHI Himawari-9
2023,4,5,46.56,127.38,7.4,AHI Himawari-9
2023,4,5,46.56,127.4,7.4,AHI Himawari-9
2023,4,5,46.56,127.42,7.57,AHI Himawari-9
2023,4,5,46.56,131.9,18.28,AHI Himawari-9
2023,4,5,46.56,131.92,18.28,AHI Himawari-9
2023,4,5,46.56,132.24,15.96,AHI Himawari-9
2023,4,5,46.56,132.26,15.96,AHI Himawari-9
2023,4,5,46.54,125.64,21.79,AHI Himawari-9
2023,4,5,46.54,126.28,7.5,AHI Himawari-9
2023,4,5,46.54,127.14,15.69,AHI Himawari-9
2023,4,5,46.54,127.16,11.12,AHI Himawari-9
2023,4,5,46.54,127.18,11.12,AHI Himawari-9
2023,4,5,46.54,127.4,7.4,AHI Himawari-9
2023,4,5,46.54,127.42,7.57,AHI Himawari-9
2023,4,5,46.54,129.8,4.06,AHI Himawari-9
2023,4,5,46.54,129.82,4.06,AHI Himawari-9
2023,4,5,46.54,129.9,23.53,AHI Himawari-9
2023,4,5,46.54,129.96,21.18,AHI Himawari-9
2023,4,5,46.54,131.86,47.06,AHI Himawari-9
2023,4,5,46.54,131.88,29.19,AHI Himawari-9
2023,4,5,46.54,131.92,40.03,AHI Himawari-9
2023,4,5,46.54,132.2,9.82,AHI Himawari-9
2023,4,5,46.54,132.22,10.78,AHI Himawari-9
2023,4,5,46.54,132.24,14.83,AHI Himawari-9
2023,4,5,46.54,132.26,14.83,AHI Himawari-9
2023,4,5,46.54,132.28,8.15,AHI Himawari-9
2023,4,5,46.54,132.48,17.49,AHI Himawari-9
2023,4,5,46.54,132.5,15.24,AHI Himawari-9
2023,4,5,46.52,126.28,7.5,AHI Himawari-9
2023,4,5,46.52,126.34,3.61,AHI Himawari-9
2023,4,5,46.52,127.14,15.69,AHI Himawari-9
2023,4,5,46.52,127.16,11.12,AHI Himawari-9
2023,4,5,46.52,127.18,11.12,AHI Himawari-9
2023,4,5,46.52,129.52,40.1,AHI Himawari-9
2023,4,5,46.52,129.72,9.96,AHI Himawari-9
2023,4,5,46.52,129.8,4.06,AHI Himawari-9
2023,4,5,46.52,129.82,4.06,AHI Himawari-9
2023,4,5,46.52,129.9,23.53,AHI Himawari-9
2023,4,5,46.52,129.92,21.11,AHI Himawari-9
2023,4,5,46.52,129.94,21.11,AHI Himawari-9
2023,4,5,46.52,129.96,21.18,AHI Himawari-9
2023,4,5,46.52,131.78,22.92,AHI Himawari-9
2023,4,5,46.52,131.86,59.03,AHI Himawari-9
2023,4,5,46.52,132.2,9.82,AHI Himawari-9
2023,4,5,46.52,132.22,10.78,AHI Himawari-9
2023,4,5,46.52,132.24,10.78,AHI Himawari-9
2023,4,5,46.52,132.26,14.83,AHI Himawari-9
2023,4,5,46.52,132.28,8.15,AHI Himawari-9
2023,4,5,46.52,132.48,17.49,AHI Himawari-9
2023,4,5,46.52,132.5,15.24,AHI Himawari-9
2023,4,5,46.5,123.18,22.85,AHI Himawari-9
2023,4,5,46.5,129.54,40.1,AHI Himawari-9
2023,4,5,46.5,129.72,9.96,AHI Himawari-9
2023,4,5,46.5,129.74,9.96,AHI Himawari-9
2023,4,5,46.5,129.76,12.07,AHI Himawari-9
2023,4,5,46.5,129.8,98.38,AHI Himawari-9
2023,4,5,46.5,129.82,70.79,AHI Himawari-9
2023,4,5,46.5,129.84,18.65,AHI Himawari-9
2023,4,5,46.5,129.86,18.65,AHI Himawari-9
2023,4,5,46.5,129.9,83.2,AHI Himawari-9
2023,4,5,46.5,129.92,43.24,AHI Himawari-9
2023,4,5,46.5,129.94,43.24,AHI Himawari-9
2023,4,5,46.5,129.96,66.77,AHI Himawari-9
2023,4,5,46.5,131.66,9.75,AHI Himawari-9
2023,4,5,46.5,131.76,20.43,AHI Himawari-9
2023,4,5,46.5,131.78,22.92,AHI Himawari-9
2023,4,5,46.5,131.86,59.03,AHI Himawari-9
2023,4,5,46.5,131.88,59.03,AHI Himawari-9
2023,4,5,46.5,132.2,12.48,AHI Himawari-9
2023,4,5,46.48,123.04,30.11,AHI Himawari-9
2023,4,5,46.48,123.06,30.11,AHI Himawari-9
2023,4,5,46.48,123.18,28.99,AHI Himawari-9
2023,4,5,46.48,123.2,25.64,AHI Himawari-9
2023,4,5,46.48,126.78,6.96,AHI Himawari-9
2023,4,5,46.48,129.68,3.24,AHI Himawari-9
2023,4,5,46.48,129.74,5.01,AHI Himawari-9
2023,4,5,46.48,129.76,8.9,AHI Himawari-9
2023,4,5,46.48,129.78,8.9,AHI Himawari-9
2023,4,5,46.48,129.8,75.53,AHI Himawari-9
2023,4,5,46.48,129.82,28.64,AHI Himawari-9
2023,4,5,46.48,129.84,12.04,AHI Himawari-9
2023,4,5,46.48,129.86,12.04,AHI Himawari-9
2023,4,5,46.48,129.88,7.54,AHI Himawari-9
2023,4,5,46.48,129.9,13.23,AHI Himawari-9
2023,4,5,46.48,129.92,13.23,AHI Himawari-9
2023,4,5,46.48,129.94,82.32,AHI Himawari-9
2023,4,5,46.48,130,5.08,AHI Himawari-9
2023,4,5,46.48,131.72,13.13,AHI Himawari-9
2023,4,5,46.48,131.74,13.13,AHI Himawari-9
2023,4,5,46.48,131.76,45.8,AHI Himawari-9
2023,4,5,46.48,131.78,37,AHI Himawari-9
2023,4,5,46.48,131.8,37,AHI Himawari-9
2023,4,5,46.48,131.82,10.95,AHI Himawari-9
2023,4,5,46.46,123.04,30.11,AHI Himawari-9
2023,4,5,46.46,123.06,30.11,AHI Himawari-9
2023,4,5,46.46,123.2,28.92,AHI Himawari-9
2023,4,5,46.46,124.1,21.72,AHI Himawari-9
2023,4,5,46.46,124.12,21.72,AHI Himawari-9
2023,4,5,46.46,124.14,14.63,AHI Himawari-9
2023,4,5,46.46,126.7,22.27,AHI Himawari-9
2023,4,5,46.46,126.72,14.97,AHI Himawari-9
2023,4,5,46.46,126.74,14.97,AHI Himawari-9
2023,4,5,46.46,126.78,6.96,AHI Himawari-9
2023,4,5,46.46,126.8,6.96,AHI Himawari-9
2023,4,5,46.46,129.7,3.24,AHI Himawari-9
2023,4,5,46.46,129.74,5.01,AHI Himawari-9
2023,4,5,46.46,129.76,8.9,AHI Himawari-9
2023,4,5,46.46,129.78,8.9,AHI Himawari-9
2023,4,5,46.46,129.8,75.53,AHI Himawari-9
2023,4,5,46.46,129.84,28.64,AHI Himawari-9
2023,4,5,46.46,129.86,12.04,AHI Himawari-9
2023,4,5,46.46,129.88,7.54,AHI Himawari-9
2023,4,5,46.46,129.9,13.23,AHI Himawari-9
2023,4,5,46.46,129.92,13.23,AHI Himawari-9
2023,4,5,46.46,129.94,82.32,AHI Himawari-9
2023,4,5,46.46,129.96,68.95,AHI Himawari-9
2023,4,5,46.46,130,5.08,AHI Himawari-9
2023,4,5,46.46,131.74,8.49,AHI Himawari-9
2023,4,5,46.46,131.76,15.72,AHI Himawari-9
2023,4,5,46.46,131.78,14.53,AHI Himawari-9
2023,4,5,46.46,131.8,14.53,AHI Himawari-9
2023,4,5,46.44,123.06,14.84,AHI Himawari-9
2023,4,5,46.44,126.7,22.33,AHI Himawari-9
2023,4,5,46.44,126.72,22.33,AHI Himawari-9
2023,4,5,46.44,126.74,15.01,AHI Himawari-9
2023,4,5,46.44,129.72,4.62,AHI Himawari-9
2023,4,5,46.44,129.76,16.21,AHI Himawari-9
2023,4,5,46.44,129.78,3.45,AHI Himawari-9
2023,4,5,46.44,129.8,37.65,AHI Himawari-9
2023,4,5,46.44,129.82,11.15,AHI Himawari-9
2023,4,5,46.44,129.84,11.15,AHI Himawari-9
2023,4,5,46.44,129.86,4.89,AHI Himawari-9
2023,4,5,46.44,129.88,4.07,AHI Himawari-9
2023,4,5,46.44,129.94,11.11,AHI Himawari-9
2023,4,5,46.44,131.74,8.52,AHI Himawari-9
2023,4,5,46.44,131.76,15.77,AHI Himawari-9
2023,4,5,46.44,131.78,15.77,AHI Himawari-9
2023,4,5,46.44,131.8,14.53,AHI Himawari-9
2023,4,5,46.44,132.16,49.21,AHI Himawari-9
2023,4,5,46.42,123.06,14.5,AHI Himawari-9
2023,4,5,46.42,123.08,14.5,AHI Himawari-9
2023,4,5,46.42,126.68,22.4,AHI Himawari-9
2023,4,5,46.42,126.7,22.4,AHI Himawari-9
2023,4,5,46.42,126.72,40.56,AHI Himawari-9
2023,4,5,46.42,126.74,8.45,AHI Himawari-9
2023,4,5,46.42,129.72,7.97,AHI Himawari-9
2023,4,5,46.42,129.74,52.94,AHI Himawari-9
2023,4,5,46.42,129.76,52.94,AHI Himawari-9
2023,4,5,46.42,129.78,13.58,AHI Himawari-9
2023,4,5,46.42,129.9,4.07,AHI Himawari-9
2023,4,5,46.42,129.92,5.2,AHI Himawari-9
2023,4,5,46.42,129.94,11.11,AHI Himawari-9
2023,4,5,46.42,129.96,11.11,AHI Himawari-9
2023,4,5,46.42,132.1,21.07,AHI Himawari-9
2023,4,5,46.42,132.12,74.04,AHI Himawari-9
2023,4,5,46.42,132.14,74.04,AHI Himawari-9
2023,4,5,46.42,132.16,60.5,AHI Himawari-9
2023,4,5,46.42,132.18,40.87,AHI Himawari-9
2023,4,5,46.42,132.2,40.87,AHI Himawari-9
2023,4,5,46.4,123.08,14.5,AHI Himawari-9
2023,4,5,46.4,125.36,23.46,AHI Himawari-9
2023,4,5,46.4,125.38,23.46,AHI Himawari-9
2023,4,5,46.4,126.6,7.11,AHI Himawari-9
2023,4,5,46.4,126.62,7.11,AHI Himawari-9
2023,4,5,46.4,126.68,22.4,AHI Himawari-9
2023,4,5,46.4,126.7,22.4,AHI Himawari-9
2023,4,5,46.4,126.72,40.56,AHI Himawari-9
2023,4,5,46.4,126.74,5.4,AHI Himawari-9
2023,4,5,46.4,126.76,8.45,AHI Himawari-9
2023,4,5,46.4,129.72,7.97,AHI Himawari-9
2023,4,5,46.4,129.74,7.97,AHI Himawari-9
2023,4,5,46.4,129.76,52.94,AHI Himawari-9
2023,4,5,46.4,129.78,13.34,AHI Himawari-9
2023,4,5,46.4,129.82,3.76,AHI Himawari-9
2023,4,5,46.4,132.12,21.07,AHI Himawari-9
2023,4,5,46.4,132.16,60.5,AHI Himawari-9
2023,4,5,46.4,132.18,40.77,AHI Himawari-9
2023,4,5,46.4,132.2,40.77,AHI Himawari-9
2023,4,5,46.38,126.6,7.08,AHI Himawari-9
2023,4,5,46.38,126.62,7.08,AHI Himawari-9
2023,4,5,46.38,126.64,8.21,AHI Himawari-9
2023,4,5,46.38,126.66,18.81,AHI Himawari-9
2023,4,5,46.38,126.68,18.81,AHI Himawari-9
2023,4,5,46.38,126.8,17.68,AHI Himawari-9
2023,4,5,46.38,126.82,17.68,AHI Himawari-9
2023,4,5,46.38,129.34,6.4,AHI Himawari-9
2023,4,5,46.38,129.62,10.47,AHI Himawari-9
2023,4,5,46.38,129.72,4.34,AHI Himawari-9
2023,4,5,46.38,129.74,4.34,AHI Himawari-9
2023,4,5,46.38,129.76,4.04,AHI Himawari-9
2023,4,5,46.38,129.82,3.69,AHI Himawari-9
2023,4,5,46.38,132.14,32.63,AHI Himawari-9
2023,4,5,46.38,132.16,76.85,AHI Himawari-9
2023,4,5,46.38,132.2,105.71,AHI Himawari-9
2023,4,5,46.38,132.22,47.26,AHI Himawari-9
2023,4,5,46.36,126.62,7.46,AHI Himawari-9
2023,4,5,46.36,126.64,7.93,AHI Himawari-9
2023,4,5,46.36,126.66,7.93,AHI Himawari-9
2023,4,5,46.36,129.62,21.61,AHI Himawari-9
2023,4,5,46.36,129.64,57.11,AHI Himawari-9
2023,4,5,46.36,129.66,57.11,AHI Himawari-9
2023,4,5,46.36,132.12,13.61,AHI Himawari-9
2023,4,5,46.36,132.14,16.79,AHI Himawari-9
2023,4,5,46.36,132.16,19.97,AHI Himawari-9
2023,4,5,46.36,132.18,76.85,AHI Himawari-9
2023,4,5,46.34,126.62,7.46,AHI Himawari-9
2023,4,5,46.34,126.64,7.93,AHI Himawari-9
2023,4,5,46.34,126.66,7.93,AHI Himawari-9
2023,4,5,46.34,127.92,24.08,AHI Himawari-9
2023,4,5,46.34,129.42,5.06,AHI Himawari-9
2023,4,5,46.34,129.62,21.61,AHI Himawari-9
2023,4,5,46.34,129.64,21.61,AHI Himawari-9
2023,4,5,46.34,129.66,57.11,AHI Himawari-9
2023,4,5,46.34,129.86,17.48,AHI Himawari-9
2023,4,5,46.34,132.12,13.61,AHI Himawari-9
2023,4,5,46.34,132.14,16.79,AHI Himawari-9
2023,4,5,46.34,132.16,16.79,AHI Himawari-9
2023,4,5,46.34,132.2,21.31,AHI Himawari-9
2023,4,5,46.32,132.1,57.11,AHI Himawari-9
2023,4,5,46.32,132.12,78.45,AHI Himawari-9
2023,4,5,46.32,132.28,79.31,AHI Himawari-9
2023,4,5,46.32,132.3,79.31,AHI Himawari-9
2023,4,5,46.32,132.32,121.17,AHI Himawari-9
2023,4,5,46.32,132.34,54.21,AHI Himawari-9
2023,4,5,46.3,127.88,10.4,AHI Himawari-9
2023,4,5,46.3,127.9,10.4,AHI Himawari-9
2023,4,5,46.3,129.66,4.1,AHI Himawari-9
2023,4,5,46.3,129.68,4.1,AHI Himawari-9
2023,4,5,46.3,132.1,57.11,AHI Himawari-9
2023,4,5,46.3,132.26,98.63,AHI Himawari-9
2023,4,5,46.3,132.28,79.31,AHI Himawari-9
2023,4,5,46.3,132.32,121.14,AHI Himawari-9
2023,4,5,46.3,132.34,54.21,AHI Himawari-9
2023,4,5,46.3,132.36,54.21,AHI Himawari-9
2023,4,5,46.28,123.64,5.45,AHI Himawari-9
2023,4,5,46.28,129.66,5.04,AHI Himawari-9
2023,4,5,46.28,129.7,4.84,AHI Himawari-9
2023,4,5,46.28,132.1,189.54,AHI Himawari-9
2023,4,5,46.28,132.12,170.37,AHI Himawari-9
2023,4,5,46.28,132.14,170.37,AHI Himawari-9
2023,4,5,46.28,132.16,8.37,AHI Himawari-9
2023,4,5,46.28,132.26,40.1,AHI Himawari-9
2023,4,5,46.28,132.28,40.1,AHI Himawari-9
2023,4,5,46.28,132.3,77.42,AHI Himawari-9
2023,4,5,46.28,132.32,71.52,AHI Himawari-9
2023,4,5,46.26,132.12,32.1,AHI Himawari-9
2023,4,5,46.26,132.26,45.96,AHI Himawari-9
2023,4,5,46.26,132.28,45.96,AHI Himawari-9
2023,4,5,46.26,132.3,46.27,AHI Himawari-9
2023,4,5,46.26,132.32,17.7,AHI Himawari-9
2023,4,5,46.26,132.34,17.7,AHI Himawari-9
2023,4,5,46.24,128,9.4,AHI Himawari-9
2023,4,5,46.24,132.1,35.29,AHI Himawari-9
2023,4,5,46.24,132.28,45.96,AHI Himawari-9
2023,4,5,46.24,132.3,46.27,AHI Himawari-9
2023,4,5,46.18,124.7,14.89,AHI Himawari-9
2023,4,5,46.16,124.7,14.89,AHI Himawari-9
2023,4,5,46.16,125.02,57.69,AHI Himawari-9
2023,4,5,46.14,125.06,81.7,AHI Himawari-9
2023,4,5,46.12,125.06,81.94,AHI Himawari-9
2023,4,5,46.1,124.4,16.55,AHI Himawari-9
2023,4,5,46,122.76,256.25,AHI Himawari-9
2023,4,5,45.98,122.78,90.44,AHI Himawari-9
2023,4,5,45.9,122.52,2.28,AHI Himawari-9
2023,4,5,45.9,122.54,2.28,AHI Himawari-9
2023,4,5,45.86,125.4,6.83,AHI Himawari-9
2023,4,5,45.84,125.4,7.21,AHI Himawari-9
2023,4,5,45.84,125.42,7.21,AHI Himawari-9
2023,4,5,45.82,125.4,7.21,AHI Himawari-9
2023,4,5,45.8,125.52,1.56,AHI Himawari-9
2023,4,5,45.8,125.54,1.56,AHI Himawari-9
2023,4,5,45.78,125.54,1.56,AHI Himawari-9
2023,4,5,45.66,123.06,2.25,AHI Himawari-9
2023,4,5,45.66,124.72,5.33,AHI Himawari-9
2023,4,5,45.64,122.84,4.34,AHI Himawari-9
2023,4,5,45.64,123.06,2.26,AHI Himawari-9
2023,4,5,45.58,122.62,6.18,AHI Himawari-9
2023,4,5,45.58,122.64,6.28,AHI Himawari-9
2023,4,5,45.58,122.66,6.28,AHI Himawari-9
2023,4,5,45.58,122.84,3.02,AHI Himawari-9
2023,4,5,45.56,122.62,6.18,AHI Himawari-9
2023,4,5,45.56,122.64,6.18,AHI Himawari-9
2023,4,5,45.56,122.66,6.28,AHI Himawari-9
2023,4,5,45.52,123.28,8.85,AHI Himawari-9
2023,4,5,45.5,123.28,8.85,AHI Himawari-9
2023,4,5,45.4,125.4,12.77,AHI Himawari-9
2023,4,5,45.38,125.26,24.53,AHI Himawari-9
2023,4,5,45.38,125.28,24.53,AHI Himawari-9
2023,4,5,45.38,125.4,12.77,AHI Himawari-9
2023,4,5,45.38,125.42,12.77,AHI Himawari-9
2023,4,5,45.36,125.28,24.53,AHI Himawari-9
2023,4,5,45.36,125.36,5.5,AHI Himawari-9
2023,4,5,45.36,125.38,6.06,AHI Himawari-9
2023,4,5,45.36,125.4,6.06,AHI Himawari-9
2023,4,5,45.34,125.24,47.75,AHI Himawari-9
2023,4,5,45.34,125.26,47.64,AHI Himawari-9
2023,4,5,45.34,125.28,40.96,AHI Himawari-9
2023,4,5,45.34,125.42,12.28,AHI Himawari-9
2023,4,5,45.32,125.26,47.78,AHI Himawari-9
2023,4,5,45.32,125.28,41.08,AHI Himawari-9
2023,4,5,45.32,125.3,41.08,AHI Himawari-9
2023,4,5,45.32,125.36,3.39,AHI Himawari-9
2023,4,5,45.32,125.38,3.39,AHI Himawari-9
2023,4,5,45.32,125.42,12.32,AHI Himawari-9
2023,4,5,45.32,125.44,12.32,AHI Himawari-9
2023,4,5,45.3,125.34,163.26,AHI Himawari-9
2023,4,5,45.3,125.36,163.26,AHI Himawari-9
2023,4,5,45.3,125.4,21.99,AHI Himawari-9
2023,4,5,45.3,125.42,91.68,AHI Himawari-9
2023,4,5,45.3,125.44,91.68,AHI Himawari-9
2023,4,5,45.3,125.46,94.86,AHI Himawari-9
2023,4,5,45.3,125.5,16.44,AHI Himawari-9
2023,4,5,45.28,125.46,12.32,AHI Himawari-9
2023,4,5,45.28,125.48,12.32,AHI Himawari-9
2023,4,5,45.28,125.5,16.44,AHI Himawari-9
2023,4,5,45.24,123.36,9.77,AHI Himawari-9
2023,4,5,45.24,127.7,14.1,AHI Himawari-9
2023,4,5,45.22,125.06,10.96,AHI Himawari-9
2023,4,5,45.22,125.1,92.1,AHI Himawari-9
2023,4,5,45.22,125.12,24.71,AHI Himawari-9
2023,4,5,45.22,125.14,14.9,AHI Himawari-9
2023,4,5,45.22,125.16,14.9,AHI Himawari-9
2023,4,5,45.22,125.18,8.62,AHI Himawari-9
2023,4,5,45.22,125.2,7.4,AHI Himawari-9
2023,4,5,45.2,125.1,165.22,AHI Himawari-9
2023,4,5,45.2,125.12,190.83,AHI Himawari-9
2023,4,5,45.2,125.14,190.83,AHI Himawari-9
2023,4,5,45.2,125.16,157.29,AHI Himawari-9
2023,4,5,45.2,125.18,8.62,AHI Himawari-9
2023,4,5,45.2,125.2,7.4,AHI Himawari-9
2023,4,5,45.18,125.1,165.22,AHI Himawari-9
2023,4,5,45.18,125.12,190.8,AHI Himawari-9
2023,4,5,45.18,125.14,190.8,AHI Himawari-9
2023,4,5,45.18,125.16,157.29,AHI Himawari-9
2023,4,5,45.16,123.46,8.05,AHI Himawari-9
2023,4,5,45.16,125.02,19.25,AHI Himawari-9
2023,4,5,45.16,125.04,19.25,AHI Himawari-9
2023,4,5,45.16,125.06,40.53,AHI Himawari-9
2023,4,5,45.16,125.08,29.47,AHI Himawari-9
2023,4,5,45.16,125.1,62.58,AHI Himawari-9
2023,4,5,45.16,125.12,62.58,AHI Himawari-9
2023,4,5,45.16,125.14,55.37,AHI Himawari-9
2023,4,5,45.16,125.16,46.94,AHI Himawari-9
2023,4,5,45.16,125.18,46.94,AHI Himawari-9
2023,4,5,45.16,125.2,14.63,AHI Himawari-9
2023,4,5,45.14,125.06,54.67,AHI Himawari-9
2023,4,5,45.14,125.12,62.58,AHI Himawari-9
2023,4,5,45.14,125.14,55.37,AHI Himawari-9
2023,4,5,45.14,125.16,46.94,AHI Himawari-9
2023,4,5,45.14,125.18,46.94,AHI Himawari-9
2023,4,5,45.14,125.2,14.63,AHI Himawari-9
2023,4,5,45.12,125.06,54.67,AHI Himawari-9
2023,4,5,45.12,125.08,54.67,AHI Himawari-9
2023,4,5,45.12,125.12,15.75,AHI Himawari-9
2023,4,5,45.02,126.32,7.35,AHI Himawari-9
2023,4,5,45.02,126.34,7.35,AHI Himawari-9
2023,4,5,45.02,126.56,3.5,AHI Himawari-9
2023,4,5,45,126.22,7.98,AHI Himawari-9
2023,4,5,45,126.3,21.03,AHI Himawari-9
2023,4,5,45,126.32,21.03,AHI Himawari-9
2023,4,5,45,126.34,7.14,AHI Himawari-9
2023,4,5,45,126.56,3.5,AHI Himawari-9
2023,4,5,44.98,126.22,8,AHI Himawari-9
2023,4,5,44.98,126.32,21.1,AHI Himawari-9
2023,4,5,44.98,126.34,7.16,AHI Himawari-9
2023,4,5,44.96,126.54,8.56,AHI Himawari-9
2023,4,5,44.94,126.54,8.56,AHI Himawari-9
2023,4,5,44.94,126.56,8.56,AHI Himawari-9
2023,4,5,44.94,126.76,9.76,AHI Himawari-9
2023,4,5,44.94,126.78,9.76,AHI Himawari-9
2023,4,5,44.92,122.96,11.16,AHI Himawari-9
2023,4,5,44.92,126.78,7.9,AHI Himawari-9
2023,4,5,44.9,126.78,7.9,AHI Himawari-9
2023,4,5,44.84,121.28,2.77,AHI Himawari-9
2023,4,5,44.84,121.3,2.77,AHI Himawari-9
2023,4,5,44.82,121.3,2.78,AHI Himawari-9
2023,4,5,44.8,120.58,5.1,AHI Himawari-9
2023,4,5,44.8,125.64,1.83,AHI Himawari-9
2023,4,5,44.78,126.9,6.72,AHI Himawari-9
2023,4,5,44.74,126.34,5.84,AHI Himawari-9
2023,4,5,44.74,126.36,7.92,AHI Himawari-9
2023,4,5,44.64,124.54,7.48,AHI Himawari-9
2023,4,5,44.6,124.04,6.32,AHI Himawari-9
2023,4,5,44.58,121.28,4.8,AHI Himawari-9
2023,4,5,44.58,125.96,3.11,AHI Himawari-9
2023,4,5,44.58,125.98,3.42,AHI Himawari-9
2023,4,5,44.56,125.96,3.11,AHI Himawari-9
2023,4,5,44.56,125.98,3.42,AHI Himawari-9
2023,4,5,44.5,126.36,5.2,AHI Himawari-9
2023,4,5,44.5,126.38,5.2,AHI Himawari-9
2023,4,5,44.48,126.36,5.2,AHI Himawari-9
2023,4,5,44.48,126.38,5.2,AHI Himawari-9
2023,4,5,44.48,126.9,3.26,AHI Himawari-9
2023,4,5,44.46,126.38,9.49,AHI Himawari-9
2023,4,5,44.46,126.58,10.66,AHI Himawari-9
2023,4,5,44.46,126.88,37.52,AHI Himawari-9
2023,4,5,44.42,125.08,4.53,AHI Himawari-9
2023,4,5,44.42,125.1,4.53,AHI Himawari-9
2023,4,5,44.42,126.34,5.2,AHI Himawari-9
2023,4,5,44.42,126.86,10.9,AHI Himawari-9
2023,4,5,44.42,126.88,9.7,AHI Himawari-9
2023,4,5,44.4,125.96,2.97,AHI Himawari-9
2023,4,5,44.38,125.96,2.97,AHI Himawari-9
2023,4,5,44.36,126.66,2.87,AHI Himawari-9
2023,4,5,44.32,124.68,10.61,AHI Himawari-9
2023,4,5,44.32,125.5,4.26,AHI Himawari-9
2023,4,5,44.32,125.52,4.26,AHI Himawari-9
2023,4,5,44.28,125.7,4.58,AHI Himawari-9
2023,4,5,44.28,125.72,4.58,AHI Himawari-9
2023,4,5,44.26,125.44,4.26,AHI Himawari-9
2023,4,5,44.26,125.46,8.77,AHI Himawari-9
2023,4,5,44.26,125.48,8.77,AHI Himawari-9
2023,4,5,44.26,126.34,26.41,AHI Himawari-9
2023,4,5,44.26,126.36,25.2,AHI Himawari-9
2023,4,5,44.22,125.62,12.18,AHI Himawari-9
2023,4,5,44.22,125.68,4.22,AHI Himawari-9
2023,4,5,44.18,126.34,9.05,AHI Himawari-9
2023,4,5,44.16,125.68,7.69,AHI Himawari-9
2023,4,5,44.16,125.7,7.69,AHI Himawari-9
2023,4,5,44.14,125.5,2.06,AHI Himawari-9
2023,4,5,44.12,125.5,2.06,AHI Himawari-9
2023,4,5,44.12,125.52,2.06,AHI Himawari-9
2023,4,5,44.06,125.92,8.51,AHI Himawari-9
2023,4,5,43.94,120.86,6.78,AHI Himawari-9
2023,4,5,43.86,121.54,7,AHI Himawari-9
2023,4,5,43.84,125.56,12.35,AHI Himawari-9
2023,4,5,43.84,125.68,12.82,AHI Himawari-9
2023,4,5,43.84,126.28,10.02,AHI Himawari-9
2023,4,5,43.82,125.56,12.35,AHI Himawari-9
2023,4,5,43.82,125.58,12.35,AHI Himawari-9
2023,4,5,43.82,126.28,6.77,AHI Himawari-9
2023,4,5,43.8,126.26,4.08,AHI Himawari-9
2023,4,5,43.8,126.28,6.77,AHI Himawari-9
2023,4,5,43.8,126.3,6.77,AHI Himawari-9
2023,4,5,43.7,124.28,3.94,AHI Himawari-9
2023,4,5,43.7,124.3,3.94,AHI Himawari-9
2023,4,5,43.68,124.14,13.39,AHI Himawari-9
2023,4,5,43.68,124.2,6.62,AHI Himawari-9
2023,4,5,43.62,122.22,4.06,AHI Himawari-9
2023,4,5,43.62,124.06,4.09,AHI Himawari-9
2023,4,5,43.62,124.08,4.09,AHI Himawari-9
2023,4,5,43.22,124.64,3,AHI Himawari-9
2023,4,5,42.86,120.64,3.63,AHI Himawari-9
2023,4,5,42.74,119.7,11.98,AHI Himawari-9
2023,4,5,42.7,119.66,13.69,AHI Himawari-9
2023,4,5,42.26,120.3,3.56,AHI Himawari-9
2023,4,5,42.24,120.28,7.56,AHI Himawari-9
2023,4,5,42.24,120.32,3.56,AHI Himawari-9
2023,4,5,41.84,119.28,5.13,AHI Himawari-9
2023,4,5,41.84,119.3,3.06,AHI Himawari-9
2023,4,5,41.84,119.32,3.06,AHI Himawari-9
2023,4,5,41.84,119.34,2.77,AHI Himawari-9
2023,4,5,41.2,123,6.3,AHI Himawari-9
2023,4,5,41.1,117.68,9.61,AHI Himawari-9
2023,4,5,40.98,122.12,4.08,AHI Himawari-9
2023,4,5,40.66,87.82,2.03,AHI Himawari-9
2023,4,5,40.1,118.76,4.32,AHI Himawari-9
2023,4,5,39.66,118.92,6.95,AHI Himawari-9
2023,4,5,38.96,110.46,3.27,AHI Himawari-9
2023,4,5,38.56,117.42,47.18,AHI Himawari-9
2023,4,5,38.5,102.22,10.24,AHI Himawari-9
2023,4,5,38.4,112.88,7.14,AHI Himawari-9
2023,4,5,37.1,119.06,15.76,AHI Himawari-9
2023,4,5,36.46,119.52,8.62,AHI Himawari-9
2023,4,5,36.4,111.98,2.79,AHI Himawari-9
2023,4,5,35.84,114.04,16.84,AHI Himawari-9
2023,4,5,35.6,119.22,2.02,AHI Himawari-9
2023,4,5,35.52,116.16,17.09,AHI Himawari-9
2023,4,5,35.5,115.86,5.66,AHI Himawari-9
2023,4,5,35.26,115.08,5.43,AHI Himawari-9
2023,4,5,35.1,119.26,3.82,AHI Himawari-9
2023,4,5,35.08,115.34,13.4,AHI Himawari-9
2023,4,5,34.96,118.98,9.91,AHI Himawari-9
2023,4,5,34.84,115.3,2.48,AHI Himawari-9
2023,4,5,34.8,116.5,22.91,AHI Himawari-9
2023,4,5,34.7,119.28,2.41,AHI Himawari-9
2023,4,5,34.46,107.24,7.32,AHI Himawari-9
2023,4,5,34.46,116.36,3.52,AHI Himawari-9
2023,4,5,34.46,116.38,3.52,AHI Himawari-9
2023,4,5,34.38,112.24,20.57,AHI Himawari-9
2023,4,5,34.38,112.26,22.82,AHI Himawari-9
2023,4,5,34.22,115.8,13.32,AHI Himawari-9
2023,4,5,34.22,115.82,13.32,AHI Himawari-9
2023,4,5,34.22,116.32,5.17,AHI Himawari-9
2023,4,5,34.1,118.36,12.96,AHI Himawari-9
2023,4,5,34.1,120.28,2.62,AHI Himawari-9
2023,4,5,34.04,116.3,10.93,AHI Himawari-9
2023,4,5,34.02,116.14,10.81,AHI Himawari-9
2023,4,5,34.02,116.32,10.93,AHI Himawari-9
2023,4,5,34,116.16,8.38,AHI Himawari-9
2023,4,5,33.98,116.58,11.06,AHI Himawari-9
2023,4,5,33.82,117.3,8.36,AHI Himawari-9
2023,4,5,33.78,117.14,6.22,AHI Himawari-9
2023,4,5,33.76,117.14,6.22,AHI Himawari-9
2023,4,5,33.66,115.42,17.8,AHI Himawari-9
2023,4,5,33.66,118.62,31.55,AHI Himawari-9
2023,4,5,33.66,118.64,31.55,AHI Himawari-9
2023,4,5,33.58,116.14,6.36,AHI Himawari-9
2023,4,5,33.54,118.02,11.48,AHI Himawari-9
2023,4,5,33.54,119.92,3.8,AHI Himawari-9
2023,4,5,33.54,120.24,18.96,AHI Himawari-9
2023,4,5,33.54,120.26,21.85,AHI Himawari-9
2023,4,5,33.54,120.44,6.57,AHI Himawari-9
2023,4,5,33.52,114.08,7.81,AHI Himawari-9
2023,4,5,33.52,115.7,17.02,AHI Himawari-9
2023,4,5,33.52,115.86,8.38,AHI Himawari-9
2023,4,5,33.52,115.88,11.15,AHI Himawari-9
2023,4,5,33.52,119.94,3.76,AHI Himawari-9
2023,4,5,33.5,115.58,9.17,AHI Himawari-9
2023,4,5,33.5,115.68,6.24,AHI Himawari-9
2023,4,5,33.48,116.04,11.52,AHI Himawari-9
2023,4,5,33.44,113.62,9.94,AHI Himawari-9
2023,4,5,33.38,117.2,7.7,AHI Himawari-9
2023,4,5,33.38,119.4,5.88,AHI Himawari-9
2023,4,5,33.34,113.9,7.04,AHI Himawari-9
2023,4,5,33.34,113.92,7.04,AHI Himawari-9
2023,4,5,33.34,115.08,2.77,AHI Himawari-9
2023,4,5,33.32,116.32,12.42,AHI Himawari-9
2023,4,5,33.26,119.36,14.66,AHI Himawari-9
2023,4,5,33.26,119.4,5.46,AHI Himawari-9
2023,4,5,33.24,116.2,14.77,AHI Himawari-9
2023,4,5,33.24,119.42,24.73,AHI Himawari-9
2023,4,5,33.2,116.42,9.13,AHI Himawari-9
2023,4,5,33.2,117.22,14.03,AHI Himawari-9
2023,4,5,33.1,113.08,2.37,AHI Himawari-9
2023,4,5,33.1,113.52,1.87,AHI Himawari-9
2023,4,5,32.84,118.46,16.68,AHI Himawari-9
2023,4,5,32.74,113.3,7.01,AHI Himawari-9
2023,4,5,32.72,113.2,11.13,AHI Himawari-9
2023,4,5,32.72,113.22,11.13,AHI Himawari-9
2023,4,5,32.72,113.94,18.43,AHI Himawari-9
2023,4,5,32.7,112.82,8.26,AHI Himawari-9
2023,4,5,32.7,113.22,11.13,AHI Himawari-9
2023,4,5,32.7,115.56,23.6,AHI Himawari-9
2023,4,5,32.68,112.86,5.59,AHI Himawari-9
2023,4,5,32.68,115.36,4.3,AHI Himawari-9
2023,4,5,32.68,118,14.93,AHI Himawari-9
2023,4,5,32.64,112.76,10.3,AHI Himawari-9
2023,4,5,32.64,112.78,10.3,AHI Himawari-9
2023,4,5,32.58,115.32,1.67,AHI Himawari-9
2023,4,5,32.56,112.68,10.24,AHI Himawari-9
2023,4,5,32.44,118,11.83,AHI Himawari-9
2023,4,5,32.42,117.92,5.98,AHI Himawari-9
2023,4,5,32.4,117.7,5.64,AHI Himawari-9
2023,4,5,32.4,117.72,5.64,AHI Himawari-9
2023,4,5,32.38,114.18,13.16,AHI Himawari-9
2023,4,5,32.3,115.52,11.31,AHI Himawari-9
2023,4,5,32.28,115.52,11.31,AHI Himawari-9
2023,4,5,32.28,115.54,11.31,AHI Himawari-9
2023,4,5,32.28,119.56,2.3,AHI Himawari-9
2023,4,5,32.26,115.34,14.92,AHI Himawari-9
2023,4,5,32.26,115.4,16.93,AHI Himawari-9
2023,4,5,32.24,115.42,16.93,AHI Himawari-9
2023,4,5,32.22,116.7,6.12,AHI Himawari-9
2023,4,5,32.2,115.28,3.44,AHI Himawari-9
2023,4,5,32.16,116.28,5.88,AHI Himawari-9
2023,4,5,32.14,117.54,18.23,AHI Himawari-9
2023,4,5,32.08,117.24,17.85,AHI Himawari-9
2023,4,5,32.06,115.38,5.17,AHI Himawari-9
2023,4,5,32,109.14,2.44,AHI Himawari-9
2023,4,5,31.74,113.38,6.12,AHI Himawari-9
2023,4,5,31.72,113.38,5.61,AHI Himawari-9
2023,4,5,31.48,107.92,3.13,AHI Himawari-9
2023,4,5,31.44,116.76,12.1,AHI Himawari-9
2023,4,5,31.42,104.5,16.03,AHI Himawari-9
2023,4,5,31.4,116.5,8.8,AHI Himawari-9
2023,4,5,31.38,114.48,11.76,AHI Himawari-9
2023,4,5,31.38,116.48,10.62,AHI Himawari-9
2023,4,5,31.3,114.04,34.98,AHI Himawari-9
2023,4,5,31.28,112.68,5.55,AHI Himawari-9
2023,4,5,31.28,114.02,25.14,AHI Himawari-9
2023,4,5,31.28,114.04,25.14,AHI Himawari-9
2023,4,5,31.28,114.06,32.22,AHI Himawari-9
2023,4,5,31.22,94.22,15.69,AHI Himawari-9
2023,4,5,31.02,113.16,8.33,AHI Himawari-9
2023,4,5,31,112.42,17.81,AHI Himawari-9
2023,4,5,30.98,114.3,9.1,AHI Himawari-9
2023,4,5,30.98,114.32,9.1,AHI Himawari-9
2023,4,5,30.96,114.42,13.52,AHI Himawari-9
2023,4,5,30.84,113.96,24.62,AHI Himawari-9
2023,4,5,30.82,113.88,65.39,AHI Himawari-9
2023,4,5,30.82,113.9,73.57,AHI Himawari-9
2023,4,5,30.82,113.92,73.57,AHI Himawari-9
2023,4,5,30.8,113.92,48.65,AHI Himawari-9
2023,4,5,30.76,116.96,27.52,AHI Himawari-9
2023,4,5,30.72,114.94,9.67,AHI Himawari-9
2023,4,5,30.64,114.52,38.98,AHI Himawari-9
2023,4,5,30.52,115.42,29.12,AHI Himawari-9
2023,4,5,30.38,114.46,13.31,AHI Himawari-9
2023,4,5,30.24,113.5,11,AHI Himawari-9
2023,4,5,30.22,114.12,18.92,AHI Himawari-9
2023,4,5,30.14,113.78,15.87,AHI Himawari-9
2023,4,5,30.02,113.58,66.15,AHI Himawari-9
2023,4,5,29.98,112.34,36.29,AHI Himawari-9
2023,4,5,29.98,112.36,36.29,AHI Himawari-9
2023,4,5,29.92,103.78,2.58,AHI Himawari-9
2023,4,5,29.88,106.1,21.63,AHI Himawari-9
2023,4,5,29.8,105.18,38.87,AHI Himawari-9
2023,4,5,29.68,118.14,20.73,AHI Himawari-9
2023,4,5,29.64,112.3,36.07,AHI Himawari-9
2023,4,5,29.64,114.98,39.91,AHI Himawari-9
2023,4,5,29.62,106.98,12.5,AHI Himawari-9
2023,4,5,29.62,114.98,39.91,AHI Himawari-9
2023,4,5,29.6,107,12.5,AHI Himawari-9
2023,4,5,29.58,115.88,12.63,AHI Himawari-9
2023,4,5,29.46,94.5,18.75,AHI Himawari-9
2023,4,5,29.24,105.2,12.12,AHI Himawari-9
2023,4,5,29.2,114.52,6.93,AHI Himawari-9
2023,4,5,29.2,116.84,28.23,AHI Himawari-9
2023,4,5,29.2,116.86,24.85,AHI Himawari-9
2023,4,5,29.18,105.38,29.1,AHI Himawari-9
2023,4,5,29.18,105.4,29.1,AHI Himawari-9
2023,4,5,28.9,116.82,20.88,AHI Himawari-9
2023,4,5,28.82,115.52,6.21,AHI Himawari-9
2023,4,5,28.8,116.16,23.78,AHI Himawari-9
2023,4,5,28.78,105.12,9.59,AHI Himawari-9
2023,4,5,28.78,116.16,23.78,AHI Himawari-9
2023,4,5,28.78,116.18,23.78,AHI Himawari-9
2023,4,5,28.56,116.24,23.1,AHI Himawari-9
2023,4,5,28.56,116.26,8.66,AHI Himawari-9
2023,4,5,28.34,109.14,10.38,AHI Himawari-9
2023,4,5,28.16,116.52,16.74,AHI Himawari-9
2023,4,5,28.14,116.52,21.06,AHI Himawari-9
2023,4,5,28.12,116.52,21.06,AHI Himawari-9
2023,4,5,28.08,108.48,4.72,AHI Himawari-9
2023,4,5,27.92,109.44,3.72,AHI Himawari-9
2023,4,5,27.76,116.72,42.1,AHI Himawari-9
2023,4,5,27.72,102.18,14.57,AHI Himawari-9
2023,4,5,27.56,118.8,21.95,AHI Himawari-9
2023,4,5,27.56,118.82,21.95,AHI Himawari-9
2023,4,5,27.4,115.6,35.07,AHI Himawari-9
2023,4,5,27.34,99.64,51.04,AHI Himawari-9
2023,4,5,26.8,118.02,61.08,AHI Himawari-9
2023,4,5,26.78,104.02,18.43,AHI Himawari-9
2023,4,5,26.76,115.94,14.84,AHI Himawari-9
2023,4,5,26.66,117.58,23.08,AHI Himawari-9
2023,4,5,26.56,103.6,24.63,AHI Himawari-9
2023,4,5,26.56,103.62,24.63,AHI Himawari-9
2023,4,5,26.54,103.6,22.95,AHI Himawari-9
2023,4,5,26.24,106.28,34.04,AHI Himawari-9
2023,4,5,26.08,105.28,54.51,AHI Himawari-9
2023,4,5,26.02,105.24,28.66,AHI Himawari-9
2023,4,5,25.98,100.22,49.73,AHI Himawari-9
2023,4,5,25.96,104.54,95.4,AHI Himawari-9
2023,4,5,25.9,100.12,14.85,AHI Himawari-9
2023,4,5,25.88,105.12,41.61,AHI Himawari-9
2023,4,5,25.88,105.3,13.42,AHI Himawari-9
2023,4,5,25.84,105.12,70.51,AHI Himawari-9
2023,4,5,25.84,105.16,55.97,AHI Himawari-9
2023,4,5,25.76,105.86,66.59,AHI Himawari-9
2023,4,5,25.6,106.04,62.49,AHI Himawari-9
2023,4,5,25.48,104.56,556.11,AHI Himawari-9
2023,4,5,25.46,104.58,53.54,AHI Himawari-9
2023,4,5,25.46,104.6,53.54,AHI Himawari-9
2023,4,5,25.46,105.36,58.82,AHI Himawari-9
2023,4,5,25.38,104.36,45.07,AHI Himawari-9
2023,4,5,25.38,104.38,33.51,AHI Himawari-9
2023,4,5,25.38,104.4,22.85,AHI Himawari-9
2023,4,5,25.32,103.86,7.53,AHI Himawari-9
2023,4,5,25.22,121.62,65.36,AHI Himawari-9
2023,4,5,25.2,106.7,43.77,AHI Himawari-9
2023,4,5,25.16,106.42,166.98,AHI Himawari-9
2023,4,5,25.16,106.44,184,AHI Himawari-9
2023,4,5,24.86,107.74,27.23,AHI Himawari-9
2023,4,5,24.78,99.4,12.24,AHI Himawari-9
2023,4,5,24.78,104.9,23.9,AHI Himawari-9
2023,4,5,24.78,121.06,66.46,AHI Himawari-9
2023,4,5,24.76,99.42,12.24,AHI Himawari-9
2023,4,5,24.74,99.44,22.91,AHI Himawari-9
2023,4,5,24.74,99.46,22.91,AHI Himawari-9
2023,4,5,24.66,102.9,100.67,AHI Himawari-9
2023,4,5,24.66,102.92,136.17,AHI Himawari-9
2023,4,5,24.64,102.94,44.83,AHI Himawari-9
2023,4,5,24.52,104.96,13.03,AHI Himawari-9
2023,4,5,24.5,105.38,48.53,AHI Himawari-9
2023,4,5,24.46,98.22,25.39,AHI Himawari-9
2023,4,5,24.44,104.08,42.03,AHI Himawari-9
2023,4,5,24.42,100.06,9.52,AHI Himawari-9
2023,4,5,24.42,103.02,5.23,AHI Himawari-9
2023,4,5,24.42,105.36,46.05,AHI Himawari-9
2023,4,5,24.42,106.58,123.93,AHI Himawari-9
2023,4,5,24.4,105.32,12.09,AHI Himawari-9
2023,4,5,24.4,105.38,43.43,AHI Himawari-9
2023,4,5,24.4,105.4,58.04,AHI Himawari-9
2023,4,5,24.4,105.42,23.59,AHI Himawari-9
2023,4,5,24.4,106.52,54.21,AHI Himawari-9
2023,4,5,24.4,106.54,54.21,AHI Himawari-9
2023,4,5,24.4,106.58,159.38,AHI Himawari-9
2023,4,5,24.38,105.32,12.09,AHI Himawari-9
2023,4,5,24.38,105.34,12.09,AHI Himawari-9
2023,4,5,24.38,105.4,36.94,AHI Himawari-9
2023,4,5,24.38,105.42,36.94,AHI Himawari-9
2023,4,5,24.36,99.62,14.33,AHI Himawari-9
2023,4,5,24.36,105.54,25.18,AHI Himawari-9
2023,4,5,24.36,105.56,25.18,AHI Himawari-9
2023,4,5,24.34,104.48,23.73,AHI Himawari-9
2023,4,5,24.3,105.7,16.95,AHI Himawari-9
2023,4,5,24.3,105.72,16.95,AHI Himawari-9
2023,4,5,24.28,105.72,25,AHI Himawari-9
2023,4,5,24.28,105.74,13.29,AHI Himawari-9
2023,4,5,24.26,120.52,8.09,AHI Himawari-9
2023,4,5,24.24,103.9,118.2,AHI Himawari-9
2023,4,5,24.2,104.3,8.59,AHI Himawari-9
2023,4,5,24.2,105.24,102.29,AHI Himawari-9
2023,4,5,24.2,120.66,48.45,AHI Himawari-9
2023,4,5,24.18,102.72,20.43,AHI Himawari-9
2023,4,5,24.18,102.74,20.43,AHI Himawari-9
2023,4,5,24.18,104.26,9.9,AHI Himawari-9
2023,4,5,24.16,103.66,17.9,AHI Himawari-9
2023,4,5,24.16,105.16,24.95,AHI Himawari-9
2023,4,5,24.14,105.84,38.28,AHI Himawari-9
2023,4,5,24.14,105.86,38.28,AHI Himawari-9
2023,4,5,24.14,117.3,35.12,AHI Himawari-9
2023,4,5,24.12,105.82,15.32,AHI Himawari-9
2023,4,5,24.12,105.84,15.32,AHI Himawari-9
2023,4,5,24.12,105.86,38.28,AHI Himawari-9
2023,4,5,24.12,115.78,26.13,AHI Himawari-9
2023,4,5,24.1,105.84,15.32,AHI Himawari-9
2023,4,5,24.1,105.86,39.73,AHI Himawari-9
2023,4,5,24.08,104.54,10.87,AHI Himawari-9
2023,4,5,24.08,104.56,57.53,AHI Himawari-9
2023,4,5,24.08,104.58,57.53,AHI Himawari-9
2023,4,5,24.06,104.58,16.26,AHI Himawari-9
2023,4,5,24.06,104.96,62.33,AHI Himawari-9
2023,4,5,24.04,99.84,18.66,AHI Himawari-9
2023,4,5,24.04,104.36,35.97,AHI Himawari-9
2023,4,5,24.04,104.64,16.99,AHI Himawari-9
2023,4,5,24.04,105.48,15.72,AHI Himawari-9
2023,4,5,23.94,120.68,15.45,AHI Himawari-9
2023,4,5,23.94,120.7,15.45,AHI Himawari-9
2023,4,5,23.92,104.2,8.06,AHI Himawari-9
2023,4,5,23.92,105.16,33.07,AHI Himawari-9
2023,4,5,23.9,120.42,3.85,AHI Himawari-9
2023,4,5,23.88,117.04,48.34,AHI Himawari-9
2023,4,5,23.86,103.82,29.4,AHI Himawari-9
2023,4,5,23.86,104.3,39.86,AHI Himawari-9
2023,4,5,23.86,104.32,8.79,AHI Himawari-9
2023,4,5,23.84,103.82,46.02,AHI Himawari-9
2023,4,5,23.84,104.14,8.34,AHI Himawari-9
2023,4,5,23.84,104.3,32.71,AHI Himawari-9
2023,4,5,23.84,104.46,49.92,AHI Himawari-9
2023,4,5,23.84,104.5,20.43,AHI Himawari-9
2023,4,5,23.84,116.8,26.95,AHI Himawari-9
2023,4,5,23.82,104.14,17.35,AHI Himawari-9
2023,4,5,23.8,103.2,10.35,AHI Himawari-9
2023,4,5,23.74,107.06,16.84,AHI Himawari-9
2023,4,5,23.7,104.64,67.56,AHI Himawari-9
2023,4,5,23.7,120.58,20.79,AHI Himawari-9
2023,4,5,23.68,104.6,87.39,AHI Himawari-9
2023,4,5,23.68,104.62,87.39,AHI Himawari-9
2023,4,5,23.68,104.7,199.17,AHI Himawari-9
2023,4,5,23.68,104.72,111.96,AHI Himawari-9
2023,4,5,23.68,105.56,44.36,AHI Himawari-9
2023,4,5,23.66,115.08,31.92,AHI Himawari-9
2023,4,5,23.64,103.14,104.01,AHI Himawari-9
2023,4,5,23.64,104.7,235.94,AHI Himawari-9
2023,4,5,23.64,104.74,70.96,AHI Himawari-9
2023,4,5,23.62,103.14,241.62,AHI Himawari-9
2023,4,5,23.62,108.06,44.99,AHI Himawari-9
2023,4,5,23.6,103.8,80.77,AHI Himawari-9
2023,4,5,23.6,103.82,77.77,AHI Himawari-9
2023,4,5,23.6,108.06,129.21,AHI Himawari-9
2023,4,5,23.58,102.92,88.48,AHI Himawari-9
2023,4,5,23.58,103.14,20.75,AHI Himawari-9
2023,4,5,23.56,104.58,13.67,AHI Himawari-9
2023,4,5,23.56,110.48,20.66,AHI Himawari-9
2023,4,5,23.54,100.36,10.9,AHI Himawari-9
2023,4,5,23.54,104.72,66.15,AHI Himawari-9
2023,4,5,23.54,110.48,20.66,AHI Himawari-9
2023,4,5,23.52,99.44,37.82,AHI Himawari-9
2023,4,5,23.52,103.8,84.22,AHI Himawari-9
2023,4,5,23.52,104.7,67.83,AHI Himawari-9
2023,4,5,23.52,116.56,31.69,AHI Himawari-9
2023,4,5,23.5,103.68,15.56,AHI Himawari-9
2023,4,5,23.5,104.16,7.92,AHI Himawari-9
2023,4,5,23.5,105.08,78.99,AHI Himawari-9
2023,4,5,23.48,104.1,57.74,AHI Himawari-9
2023,4,5,23.48,104.14,141.69,AHI Himawari-9
2023,4,5,23.48,104.16,70.07,AHI Himawari-9
2023,4,5,23.48,104.42,25.98,AHI Himawari-9
2023,4,5,23.48,105.1,118.35,AHI Himawari-9
2023,4,5,23.48,105.26,14.42,AHI Himawari-9
2023,4,5,23.48,105.3,10.78,AHI Himawari-9
2023,4,5,23.48,106.3,23.93,AHI Himawari-9
2023,4,5,23.48,107.46,18.75,AHI Himawari-9
2023,4,5,23.46,99.8,40.72,AHI Himawari-9
2023,4,5,23.46,101.42,18.88,AHI Himawari-9
2023,4,5,23.46,104.4,12.19,AHI Himawari-9
2023,4,5,23.46,104.42,48.64,AHI Himawari-9
2023,4,5,23.46,104.58,15.52,AHI Himawari-9
2023,4,5,23.46,104.6,15.52,AHI Himawari-9
2023,4,5,23.46,106.32,186.87,AHI Himawari-9
2023,4,5,23.46,106.8,38.22,AHI Himawari-9
2023,4,5,23.44,104.4,17.7,AHI Himawari-9
2023,4,5,23.44,104.44,49.09,AHI Himawari-9
2023,4,5,23.44,104.46,17.02,AHI Himawari-9
2023,4,5,23.44,106.8,38.22,AHI Himawari-9
2023,4,5,23.44,106.94,28.71,AHI Himawari-9
2023,4,5,23.42,106.32,86.22,AHI Himawari-9
2023,4,5,23.42,106.34,87.31,AHI Himawari-9
2023,4,5,23.42,106.36,62.65,AHI Himawari-9
2023,4,5,23.4,99.52,16.47,AHI Himawari-9
2023,4,5,23.4,100.38,13.97,AHI Himawari-9
2023,4,5,23.4,120.2,58.69,AHI Himawari-9
2023,4,5,23.36,102.26,99.64,AHI Himawari-9
2023,4,5,23.36,106.94,17.11,AHI Himawari-9
2023,4,5,23.36,107.16,48.05,AHI Himawari-9
2023,4,5,23.36,107.18,121.49,AHI Himawari-9
2023,4,5,23.36,120.42,14.47,AHI Himawari-9
2023,4,5,23.34,100.38,18.61,AHI Himawari-9
2023,4,5,23.34,100.4,22.07,AHI Himawari-9
2023,4,5,23.3,105.4,14.24,AHI Himawari-9
2023,4,5,23.26,99.44,12.06,AHI Himawari-9
2023,4,5,23.26,99.46,12.06,AHI Himawari-9
2023,4,5,23.26,99.62,12.51,AHI Himawari-9
2023,4,5,23.26,100.68,10.28,AHI Himawari-9
2023,4,5,23.22,109.38,14.73,AHI Himawari-9
2023,4,5,23.22,109.4,14.73,AHI Himawari-9
2023,4,5,23.2,99.44,37.03,AHI Himawari-9
2023,4,5,23.2,100.78,11.81,AHI Himawari-9
2023,4,5,23.2,103.88,129.32,AHI Himawari-9
2023,4,5,23.18,106.42,25.13,AHI Himawari-9
2023,4,5,23.16,106.42,79.75,AHI Himawari-9
2023,4,5,23.14,106.44,42.27,AHI Himawari-9
2023,4,5,23.12,116.34,56.54,AHI Himawari-9
2023,4,5,23.1,107.66,10.12,AHI Himawari-9
2023,4,5,23.06,99.78,10.62,AHI Himawari-9
2023,4,5,23.06,99.8,10.62,AHI Himawari-9
2023,4,5,23.04,99.78,10.76,AHI Himawari-9
2023,4,5,23.04,99.8,10.76,AHI Himawari-9
2023,4,5,23.02,99.84,11.54,AHI Himawari-9
2023,4,5,22.94,100.32,18.1,AHI Himawari-9
2023,4,5,22.94,105.94,10.17,AHI Himawari-9
2023,4,5,22.86,113.42,32.81,AHI Himawari-9
2023,4,5,22.8,103.66,16.68,AHI Himawari-9
2023,4,5,22.8,104.46,48.76,AHI Himawari-9
2023,4,5,22.8,104.48,44.83,AHI Himawari-9
2023,4,5,22.74,99.62,14.26,AHI Himawari-9
2023,4,5,22.74,120.48,35.1,AHI Himawari-9
2023,4,5,22.7,99.6,12.7,AHI Himawari-9
2023,4,5,22.66,107.42,10.92,AHI Himawari-9
2023,4,5,22.56,107.24,46.62,AHI Himawari-9
2023,4,5,22.56,107.26,46.53,AHI Himawari-9
2023,4,5,22.46,99.72,6.41,AHI Himawari-9
2023,4,5,22.44,100.76,10.85,AHI Himawari-9
2023,4,5,22.44,113.2,24.87,AHI Himawari-9
2023,4,5,22.42,99.52,8.06,AHI Himawari-9
2023,4,5,22.42,99.54,8.06,AHI Himawari-9
2023,4,5,22.42,99.56,11.27,AHI Himawari-9
2023,4,5,22.42,99.58,21.57,AHI Himawari-9
2023,4,5,22.42,99.6,21.53,AHI Himawari-9
2023,4,5,22.4,99.62,15.53,AHI Himawari-9
2023,4,5,22.4,99.68,42.04,AHI Himawari-9
2023,4,5,22.4,99.7,42.04,AHI Himawari-9
2023,4,5,22.4,112.54,27.34,AHI Himawari-9
2023,4,5,22.3,99.4,19.97,AHI Himawari-9
2023,4,5,22.3,112.44,23.64,AHI Himawari-9
2023,4,5,22.28,99.56,43.05,AHI Himawari-9
2023,4,5,22.28,99.6,11.02,AHI Himawari-9
2023,4,5,22.28,100.42,17.12,AHI Himawari-9
2023,4,5,22.22,110,16.57,AHI Himawari-9
2023,4,5,22.18,99.62,11.02,AHI Himawari-9
2023,4,5,22.16,99.56,25.15,AHI Himawari-9
2023,4,5,22.14,99.54,8.86,AHI Himawari-9
2023,4,5,22.14,100.16,4.45,AHI Himawari-9
2023,4,5,22.12,107.32,11.15,AHI Himawari-9
2023,4,5,22.06,112.56,31.03,AHI Himawari-9
2023,4,5,21.98,112.8,30.54,AHI Himawari-9
2023,4,5,21.96,112.88,24.89,AHI Himawari-9
2023,4,5,21.22,109.9,9.98,AHI Himawari-9
2023,4,5,20.42,110.26,20.41,AHI Himawari-9
2023,4,5,19.4,110.1,10.58,AHI Himawari-9
2023,4,5,19.38,110.12,10.34,AHI Himawari-9
2023,4,5,18.6,109.62,65.14,AHI Himawari-9
2023,4,5,18.56,108.72,114.87,AHI Himawari-9
2023,4,5,18.54,108.7,51.51,AHI Himawari-9
2023,4,5,18.54,108.72,51.51,AHI Himawari-9
